StartDate,EndDate,Status,Progress,Duration (in seconds),Finished,RecordedDate,ResponseId,DistributionChannel,UserLanguage,Q_RecaptchaScore,"18yrold ","Consent ","RX1 ","RX1_note ",RX3,RX3_note,"RX6 ","RX6_note ",RX7,"RX7_note ","RX8 ","RX8_note ","RX9 ","RX9_note ","RX11 ","RX11_note ",RX12,"RX12_note ","RX13 ","RX13_note ","RX15 ","RX15_note ","RX18 ","RX18_note ",RX21,"RX21_note ","RX22 ","RX22_note ",RX24,"RX24_note ","RX25 ","RX25_note ","RX26 ","RX26_note ","EJ1 ","EJ1_note ","EJ2 ","EJ2_note ","EJ5 ","EJ5_note ","EJ7 ","EJ7_note ","EJ8 ","EJ8_note ","EJ9 ","EJ9_note ","EJ10 ","EJ10_note ",EJ12,"EJ12_note ","EJ13 ","EJ13_note ","EJ16 ","EJ16_note ","EJ17 ","EJ17_note ","EJ20 ","EJ20_note ",EJ22,"EJ22_note ","DT1 ",DT1_note,"DT2 ","DT2_note ","DT3 ","DT3_note ","DT5 ","DT5_note ","DT7 ","DT7_note ","DT8 ","DT8_note ","DT9 ","DT9_note ","DT10 ","DT10_note ","DT11 ","DT13_note ","DT14 ","DT14_note ","DT15 ","DT15_note ","DT16 ","DT16_note ","DT18 ","DT18_note ","DT19 ","DT19_note ","DT20 ","DT20_note ","DT21 ","DT21_note ","DT23 ","DT23_note ","End_eval ","IDcode ","Nationality "
Start Date,End Date,Response Type,Progress,Duration (in seconds),Finished,Recorded Date,Response ID,Distribution Channel,User Language,Q_RecaptchaScore,Are you aged 18 or older?,Do you consent to taking part in this study?,The music made me feel calm or relaxed,Notes about this item.,I expected the music to make me feel at ease,Notes about this item.,I lost track of time while listening to the music,Notes about this item.,I knew that this music would calm me down,Notes about this item.,Music eased me into a calm state,Notes about this item.,Music provided a relaxing mood,Notes about this item.,I rested with the music,Notes about this item.,I tuned into the music to feel relaxed,Notes about this item.,Relaxing with the music made me feel better,Notes about this item.,Listening to music helped me recuperate,Notes about this item.,Listening to music helped me relax,Notes about this item.,I could picture my friends and I relaxing to this type of music,Notes about this item.,It was socially appropriate to relax with the music,Notes about this item.,I was aware of the calming effect of the music,Notes about this item.,I wanted to use music to set a more soothing mood,Notes about this item.,I wanted to listen to my music to feel more relaxed,Notes about this item.,I found delight in the music,Notes about this item.,The music gave me pleasure,Notes about this item.,I enjoyed immersing myself in the music,Notes about this item.,I felt like I was having a good time with the music,Notes about this item.,I enjoyed how the music made me feel,Notes about this item.,The music made the experience so much more than what it was,Notes about this item.,The music made me have a good time,Notes about this item.,I was listening to the music to sing or hum along,Notes about this item.,Listening to music was a good way of entertaining myself,Notes about this item.,I enjoyed the music,Notes about this item.,I expected this to be enjoyable from what my friends have said,Notes about this item.,People would have agreed that my music is more enjoyable,Notes about this item.,I appreciated the musical surprises,Notes about this item.,I was easily distracted by the music,Notes about this item.,The music helped me escape from my daily routine,Notes about this item.,Music distracted my mind from the outside world,Notes about this item.,The music made me forget what I was thinking about,Notes about this item.,Music acted as a mental shield against my distressing thoughts,Notes about this item.,The music helped me break away from reality,Notes about this item.,It helped to have some background music on to distract me,Notes about this item.,Listening to music made doing other things more pleasant,Notes about this item.,Listening to music made doing other things more pleasant,Notes about this item.,Music allowed me to momentarily disconnect from my surroundings,Notes about this item.,The music provided a diversion from what was happening,Notes about this item.,I was listening to the music to make the experience less boring,Notes about this item.,The music allowed me to navigate my emotions to find solace,Notes about this item.,I sought music out to distract me from social interactions,Notes about this item.,I felt distracted by the music more than someone should be,Notes about this item.,I felt judged after letting myself get distracted by the music,Notes about this item.,I chose to listen to music as a distraction,Notes about this item.,Were there aspects of Enjoyment-Distraction-Relaxation which you thought were missing or under-represented in the item pool? Or similar concepts missing which need to be addressed?,"Please input an identification code using this format: ""initial of your last name + institutional abbreviation"" 

For example, someone named 'Kirts' at 'Durham University' would write the code: KDU",What is your nationality?
"{""ImportId"":""startDate"",""timeZone"":""Europe/London""}","{""ImportId"":""endDate"",""timeZone"":""Europe/London""}","{""ImportId"":""status""}","{""ImportId"":""progress""}","{""ImportId"":""duration""}","{""ImportId"":""finished""}","{""ImportId"":""recordedDate"",""timeZone"":""Europe/London""}","{""ImportId"":""_recordId""}","{""ImportId"":""distributionChannel""}","{""ImportId"":""userLanguage""}","{""ImportId"":""Q_RecaptchaScore""}","{""ImportId"":""QID1217486624""}","{""ImportId"":""QID1217486625""}","{""ImportId"":""QID1""}","{""ImportId"":""QID2_TEXT""}","{""ImportId"":""QID3""}","{""ImportId"":""QID4_TEXT""}","{""ImportId"":""QID7""}","{""ImportId"":""QID8_TEXT""}","{""ImportId"":""QID5""}","{""ImportId"":""QID6_TEXT""}","{""ImportId"":""QID9""}","{""ImportId"":""QID10_TEXT""}","{""ImportId"":""QID11""}","{""ImportId"":""QID12_TEXT""}","{""ImportId"":""QID13""}","{""ImportId"":""QID14_TEXT""}","{""ImportId"":""QID17""}","{""ImportId"":""QID18_TEXT""}","{""ImportId"":""QID15""}","{""ImportId"":""QID16_TEXT""}","{""ImportId"":""QID19""}","{""ImportId"":""QID20_TEXT""}","{""ImportId"":""QID21""}","{""ImportId"":""QID22_TEXT""}","{""ImportId"":""QID23""}","{""ImportId"":""QID24_TEXT""}","{""ImportId"":""QID25""}","{""ImportId"":""QID26_TEXT""}","{""ImportId"":""QID27""}","{""ImportId"":""QID28_TEXT""}","{""ImportId"":""QID29""}","{""ImportId"":""QID30_TEXT""}","{""ImportId"":""QID31""}","{""ImportId"":""QID32_TEXT""}","{""ImportId"":""QID33""}","{""ImportId"":""QID34_TEXT""}","{""ImportId"":""QID35""}","{""ImportId"":""QID36_TEXT""}","{""ImportId"":""QID37""}","{""ImportId"":""QID38_TEXT""}","{""ImportId"":""QID39""}","{""ImportId"":""QID40_TEXT""}","{""ImportId"":""QID41""}","{""ImportId"":""QID42_TEXT""}","{""ImportId"":""QID43""}","{""ImportId"":""QID44_TEXT""}","{""ImportId"":""QID45""}","{""ImportId"":""QID46_TEXT""}","{""ImportId"":""QID47""}","{""ImportId"":""QID48_TEXT""}","{""ImportId"":""QID49""}","{""ImportId"":""QID50_TEXT""}","{""ImportId"":""QID51""}","{""ImportId"":""QID52_TEXT""}","{""ImportId"":""QID53""}","{""ImportId"":""QID54_TEXT""}","{""ImportId"":""QID59""}","{""ImportId"":""QID55_TEXT""}","{""ImportId"":""QID56""}","{""ImportId"":""QID57_TEXT""}","{""ImportId"":""QID60""}","{""ImportId"":""QID58_TEXT""}","{""ImportId"":""QID61""}","{""ImportId"":""QID62_TEXT""}","{""ImportId"":""QID63""}","{""ImportId"":""QID64_TEXT""}","{""ImportId"":""QID65""}","{""ImportId"":""QID66_TEXT""}","{""ImportId"":""QID67""}","{""ImportId"":""QID68_TEXT""}","{""ImportId"":""QID69""}","{""ImportId"":""QID70_TEXT""}","{""ImportId"":""QID71""}","{""ImportId"":""QID72_TEXT""}","{""ImportId"":""QID73""}","{""ImportId"":""QID74_TEXT""}","{""ImportId"":""QID75""}","{""ImportId"":""QID76_TEXT""}","{""ImportId"":""QID77""}","{""ImportId"":""QID78_TEXT""}","{""ImportId"":""QID79""}","{""ImportId"":""QID80_TEXT""}","{""ImportId"":""QID81""}","{""ImportId"":""QID82_TEXT""}","{""ImportId"":""QID85""}","{""ImportId"":""QID86_TEXT""}","{""ImportId"":""QID83""}","{""ImportId"":""QID84_TEXT""}","{""ImportId"":""QID87""}","{""ImportId"":""QID88_TEXT""}","{""ImportId"":""QID89""}","{""ImportId"":""QID90_TEXT""}","{""ImportId"":""QID91""}","{""ImportId"":""QID92_TEXT""}","{""ImportId"":""QID1217486618_TEXT""}","{""ImportId"":""QID1217486619_TEXT""}","{""ImportId"":""QID1217486620_TEXT""}"
2024-07-14 19:40:53,2024-07-14 19:46:57,IP Address,100,363,True,2024-07-14 19:46:58,R_80Go0Vl3SkNM61H,anonymous,EN,,,,Extremely Relevant,,Moderately Relevant,,Slightly Relevant,,Moderately Relevant,,Extremely Relevant,,Extremely Relevant,,Moderately Relevant,,Moderately Relevant,"Wording feels funny (turned, not tuned?)",Extremely Relevant,,Moderately Relevant,,Extremely Relevant,,Moderately Relevant,,Moderately Relevant,,Extremely Relevant,,Extremely Relevant,"and it has to be ""my music""?",Extremely Relevant,,Extremely Relevant,,Extremely Relevant,,Moderately Relevant,,Extremely Relevant,,Moderately Relevant,,Moderately Relevant,this seems to be about something else,Extremely Relevant,,Slightly Relevant,,Moderately Relevant,,Moderately Relevant,,Moderately Relevant,,Slightly Relevant,,Slightly Relevant,,Extremely Relevant,,Extremely Relevant,,Extremely Relevant,,Extremely Relevant,,Extremely Relevant,,Moderately Relevant,,Moderately Relevant,too short?,Slightly Relevant,,Slightly Relevant,,Extremely Relevant,,Extremely Relevant,,Moderately Relevant,,Slightly Relevant,,Moderately Relevant,,Slightly Relevant,,Slightly Relevant,,Extremely Relevant,,,,
2024-08-12 17:01:26,2024-08-12 17:13:11,IP Address,100,705,True,2024-08-12 17:13:12,R_2fV24m17y14xKe4,anonymous,EN,,,,Moderately Relevant,,Moderately Relevant,,Slightly Relevant,,Slightly Relevant,,Moderately Relevant,,Extremely Relevant,,Slightly Relevant,,Moderately Relevant,,Extremely Relevant,,Slightly Relevant,,Moderately Relevant,,Extremely Relevant,,Slightly Relevant,,Slightly Relevant,,Slightly Relevant,,Slightly Relevant,,Not Relevant,,Extremely Relevant,,Slightly Relevant,,Extremely Relevant,,Slightly Relevant,,Moderately Relevant,,Moderately Relevant,,Slightly Relevant,,Slightly Relevant,,Slightly Relevant,,Not Relevant,,Not Relevant,,Not Relevant,,Not Relevant,,Not Relevant,,Slightly Relevant,,Slightly Relevant,,Moderately Relevant,,Slightly Relevant,,Moderately Relevant,,Slightly Relevant,,Slightly Relevant,,Slightly Relevant,,Moderately Relevant,,Not Relevant,,Not Relevant,,Not Relevant,,Not Relevant,,Not Relevant,,Moderately Relevant,,,,
2024-09-06 12:12:33,2024-09-06 12:12:51,Survey Preview,100,18,True,2024-09-06 12:12:52,R_2N96jsxUC8rbCkp,preview,EN,1,No,,,,,,,,,,,,,,,,,,,,,,,,,,,,,,,,,,,,,,,,,,,,,,,,,,,,,,,,,,,,,,,,,,,,,,,,,,,,,,,,,,,,,,,,,,,,,,,,
2024-09-06 12:12:54,2024-09-06 12:13:10,Survey Preview,100,16,True,2024-09-06 12:13:10,R_2K7MgFZAsZ0EVc9,preview,EN,1,Yes,No,,,,,,,,,,,,,,,,,,,,,,,,,,,,,,,,,,,,,,,,,,,,,,,,,,,,,,,,,,,,,,,,,,,,,,,,,,,,,,,,,,,,,,,,,,,,,,,
2024-09-06 12:13:13,2024-09-06 12:15:01,Survey Preview,100,107,True,2024-09-06 12:15:02,R_2Pe7wyVdQMrR1J8,preview,EN,1,Yes,Yes,,,,,,,,,,,,,,,,,,,,,,,,,,,,,,,,,,,,,,,,,,,,,,,,,,,,,,,,,,,,,,,,,,,,,,,,,,,,,,,,,,,,,,,,,,,,,,KDU,
2024-09-27 09:05:48,2024-09-27 09:16:00,IP Address,100,612,True,2024-09-27 09:16:01,R_2AXBQI5onTyha2E,anonymous,EN,1,Yes,Yes,Extremely Relevant,,Extremely Relevant,,Slightly Relevant,,Extremely Relevant,,Extremely Relevant,,Extremely Relevant,,Not Relevant,,Moderately Relevant,,Moderately Relevant,,Slightly Relevant,,Extremely Relevant,,Not Relevant,,Not Relevant,,Moderately Relevant,,Slightly Relevant,,Moderately Relevant,,Not Relevant,,Not Relevant,,Not Relevant,,Not Relevant,,Slightly Relevant,,Not Relevant,,Slightly Relevant,,Not Relevant,,Not Relevant,,Slightly Relevant,,Not Relevant,,Not Relevant,,Not Relevant,,Not Relevant,,Slightly Relevant,,Slightly Relevant,,Not Relevant,,Slightly Relevant,The tone of this item is very different from the rest,Not Relevant,,Not Relevant,,Not Relevant,,Slightly Relevant,,Slightly Relevant,,Slightly Relevant,,Not Relevant,,Moderately Relevant,,Not Relevant,,Not Relevant,,Not Relevant,,Moderately Relevant,,,OUoY,"British "
2024-10-02 19:15:29,2024-10-02 19:22:16,IP Address,100,406,True,2024-10-02 19:22:16,R_2s5x9vNSzN8KnZn,anonymous,EN,1,Yes,Yes,Extremely Relevant,,Moderately Relevant,,Extremely Relevant,,Moderately Relevant,,Moderately Relevant,,Extremely Relevant,,Moderately Relevant,,Slightly Relevant,,Moderately Relevant,,Moderately Relevant,,Extremely Relevant,,Slightly Relevant,,Moderately Relevant,,Slightly Relevant,,Extremely Relevant,,Moderately Relevant,,Extremely Relevant,,Extremely Relevant,,Moderately Relevant,,Moderately Relevant,,Extremely Relevant,,Moderately Relevant,,Moderately Relevant,,Slightly Relevant,,Extremely Relevant,,Extremely Relevant,,Moderately Relevant,,Slightly Relevant,,Moderately Relevant,,Extremely Relevant,,Extremely Relevant,,Extremely Relevant,,Moderately Relevant,,Moderately Relevant,,Extremely Relevant,,Moderately Relevant,,Extremely Relevant,,Extremely Relevant,this same item is listed twice in a row,Extremely Relevant,,Moderately Relevant,,Extremely Relevant,,Slightly Relevant,,Not Relevant,,Slightly Relevant,a bit confusing,Slightly Relevant,,Moderately Relevant,,,JDU,USA
2024-10-05 12:15:22,2024-10-05 13:40:25,IP Address,100,5103,True,2024-10-05 13:40:26,R_2k04jXLRtDZwtLb,anonymous,EN,1,Yes,Yes,Extremely Relevant,,Slightly Relevant,but it didn't? I'd suggest a stronger statement about knowledge of musical functions 'I knew the music would...',Extremely Relevant,,Extremely Relevant,,Extremely Relevant,,Extremely Relevant,,Extremely Relevant,,Extremely Relevant,,Moderately Relevant,"possibly has some overlap with PEP episodes, but again feels more EDR",Moderately Relevant,"possible PEP overlap, but could be relevant to multiple episodes depending on what is being recuperated from (social, emotional, physical, etc.)",Extremely Relevant,,Extremely Relevant,,Extremely Relevant,,Extremely Relevant,,Extremely Relevant,"This is more specifically an EDR episode, but certainly has some overlap with AIA: aesthetics too. Something like AIA as an umbrella term that would include this EDR example.",Extremely Relevant,,Extremely Relevant,,Extremely Relevant,,Extremely Relevant,,Extremely Relevant,"While, clearly relevant to EDR episodes, it feels like it would underpin many musical episodes even if it was a secondary goal",Slightly Relevant,This feels like it would describe the affective reflection to many musical episodes. Is it specific to EDR?,Moderately Relevant,"Certainly capture the enhancing enjoyment of other activities; typically entertainment ones given the description. However, it could be confused with AIA: being moved in some contexts / interpretations.",Moderately Relevant,"Is this specific to EDR episodes? If so, it would appear to be related to something in the music. Perhaps being more specific to musical qualities would make it more specifically EDR related",Extremely Relevant,,Extremely Relevant,,Moderately Relevant,,Extremely Relevant,,Slightly Relevant,,Not Relevant,This seems like the emergence of an AIA: curiosity episode during another musical episode. The EDR description appears to rely more typically on existing knowledge of the music and would be familiar to the listener.,Not Relevant,"the item here sounds happenstance, not a personally driven goal to distract one's self with music.",Extremely Relevant,,Extremely Relevant,"with some overlap to FM episodes, but I would suggest more related to EDR.",Slightly Relevant,"Was this the goal of the individual, or the output of a chance interaction with music. agency is unclear",Extremely Relevant,"I like the phrasing 'mental shield' a lot, but it might be quite ambiguously interpreted ",Extremely Relevant,,Extremely Relevant,,Extremely Relevant,,Extremely Relevant,double item?,Extremely Relevant,,Moderately Relevant,,Extremely Relevant,,Not Relevant,"This seems heavily PEP, not EDR",Extremely Relevant,,Slightly Relevant,"This suggests exposure to music (possibly unintended) has allowed a new goal to emerge. This new goal remains unclear but could be just about anything (PEP: it made you think about old memories or sparked a moving AIA episode). What is clear, is that the music and the response are not congruent with the initial goal, even if the initial goal was to be a little distracted.",Moderately Relevant,,Extremely Relevant,,"obtaining and enhancing a positive mood seem well represented, but maintaining a pre-existing positive mood seems less represented. ",TML,British
2024-10-06 14:36:19,2024-10-06 14:46:42,IP Address,100,623,True,2024-10-06 14:46:43,R_8HNVgaUd6Dtw6Pj,anonymous,EN,1,Yes,Yes,Extremely Relevant,,Moderately Relevant,,Moderately Relevant,,Extremely Relevant,,Extremely Relevant,,Extremely Relevant,,Extremely Relevant,,Extremely Relevant,,Extremely Relevant,,Extremely Relevant,,Extremely Relevant,,Slightly Relevant,,,sounds a bit weird... when would it be inappropriate?,Slightly Relevant,,Extremely Relevant,,Extremely Relevant,,Extremely Relevant,,Moderately Relevant,,Moderately Relevant,,Extremely Relevant,,,"ambiguous - could also be enjoyment of ""negative"" emotions like sadness etc",Not Relevant,,Extremely Relevant,,Not Relevant,maybe I was listening to the music AND singing or humming along?,Extremely Relevant,,Extremely Relevant,,Slightly Relevant,,,"don't understand the item? what is ""my music""? and ""more enjoyable"" than what?",Slightly Relevant,,Extremely Relevant,,,maybe plural? daily routines,Extremely Relevant,,Extremely Relevant,,Moderately Relevant,,Extremely Relevant,,Extremely Relevant,,Moderately Relevant,,Moderately Relevant,,Extremely Relevant,,Extremely Relevant,,Extremely Relevant,,Not Relevant,"you can delete ""to navigate my emotions""?",Extremely Relevant,,Not Relevant,measures more self-judgment/criticism,Slightly Relevant,,Extremely Relevant,,,KJYU,German
2024-10-06 17:02:58,2024-10-06 17:29:23,IP Address,100,1584,True,2024-10-06 17:29:23,R_7OWokBPf3ev1LLb,anonymous,EN,0.5,Yes,Yes,Moderately Relevant,Relevant to relaxation construct. Some overlap with LMA - emotional,Slightly Relevant,Unsure if expectations are important to the EDR episode. This seems more in anticipation of the episode than being part of the episode itself,Extremely Relevant,,Moderately Relevant,Unsure if expectations are important to the EDR episode. This seems more in anticipation of the episode than being part of the episode itself,Extremely Relevant,Clearly related to relaxation construct. Some overlap with LMA - emotional,Extremely Relevant,,Extremely Relevant,"The wording of this one is slighlty ambiguous. Should this say ""I rested to the music""?",Moderately Relevant,Clearly relevant to relaxation construct. Some overlap with LMA - emotional/reduced,Moderately Relevant,Relevant also to LMA - emotional,Extremely Relevant,,Extremely Relevant,This is quite similar to some of the other items,Moderately Relevant,Also relevant to LMA - associative and MM - self,Extremely Relevant,,Extremely Relevant,"This seems quite relevant. I am not sure if EDR includes metacognition about feelings in response to the music, which can also overlap with LMA constructs",Moderately Relevant,Also relevant to FM - energy control,Moderately Relevant,Also relevant to FM - energy control,Extremely Relevant,"Could also say ""The music delighted me""",Extremely Relevant,Also relevant to ER - preferences,Extremely Relevant,,Extremely Relevant,,Extremely Relevant,,Slightly Relevant,"Also relevant to mood control. The language in this prompt is a bit ambiguous. Perhaps ""The music made the experience feel like so much more than it was"", or ""The music enhanced the experience""?",Extremely Relevant,,Slightly Relevant,Seems more relevant to LMA - bodily,Extremely Relevant,,Extremely Relevant,,Moderately Relevant,I'm unsure about how metacognition or expectation play a role in this category,Moderately Relevant,"Also slightly relevant to CB ",Moderately Relevant,Also relevant to LMA - structural or possibly ER scheme,Extremely Relevant,"Captures ""distraction"" construct of EDR",Extremely Relevant,"Captures distraction, also relevant to PEP - reflection/coping",Extremely Relevant,Very clear,Extremely Relevant,,Moderately Relevant,This prompt seems relevant to reflection/coping construct of PEP,Extremely Relevant,"This is relevant, but seems to overlap with ""Music distracted my mind from the outside world""",Extremely Relevant,,Moderately Relevant,Also relevant to FM - energy control and focus,Moderately Relevant,Also relevant to FM - energy control and focus,Extremely Relevant,,Extremely Relevant,"Clearly related to distraction and enjoyment. ",Slightly Relevant,"I think word choice here, emphasizing how intentionally listening to music changes the experience leads to some overlap with FM/PEP episodes",Moderately Relevant,"There is some overlap with LMA - emotional. This might be reworded along the lines of ""The music distracted me from difficult emotions""",Extremely Relevant,,Extremely Relevant,,Slightly Relevant,This seems relevant to CB episode - group cohesion,Extremely Relevant,,"The pool of items seemed to focus more on relaxation than on distraction. Throughout I was unsure about whether overlap with other episodes is an issue, so I labelled those throughout.",AMU,Canadian
2024-10-08 01:53:26,2024-10-08 01:59:21,IP Address,100,354,True,2024-10-08 01:59:22,R_4Vkerw5zWLA0hJ4,anonymous,EN,1,Yes,Yes,Extremely Relevant,,Extremely Relevant,,Extremely Relevant,,Extremely Relevant,,Extremely Relevant,,Extremely Relevant,,Extremely Relevant,,Extremely Relevant,,Moderately Relevant,,Moderately Relevant,,Extremely Relevant,,Moderately Relevant,,Moderately Relevant,,Extremely Relevant,,Extremely Relevant,,,,Extremely Relevant,,Extremely Relevant,,Extremely Relevant,,Extremely Relevant,,Extremely Relevant,,Moderately Relevant,,Extremely Relevant,,Moderately Relevant,,Extremely Relevant,,Extremely Relevant,,Moderately Relevant,,Slightly Relevant,,Slightly Relevant,,Extremely Relevant,,Extremely Relevant,,Extremely Relevant,,Extremely Relevant,,Extremely Relevant,,Extremely Relevant,,Moderately Relevant,,Slightly Relevant,,Slightly Relevant,,Moderately Relevant,,Slightly Relevant,,Moderately Relevant,,Moderately Relevant,,Extremely Relevant,,Moderately Relevant,,Not Relevant,,Extremely Relevant,,,NUNSW,Chinese
2024-10-14 20:27:35,2024-10-14 20:48:56,IP Address,100,1280,True,2024-10-14 20:48:57,R_2c4WsFfcbtssykN,anonymous,EN,1,Yes,Yes,Extremely Relevant,Yep seems okay,Extremely Relevant,Good,Slightly Relevant,"A bit less sure of this, and what it aims to capture? ",Extremely Relevant,Clear,Extremely Relevant,Okay,Extremely Relevant,Fine,Slightly Relevant,"Hmm, the wording is very interesting! Maybe this is relevant, but just have a little more uncertainty with it",Extremely Relevant,Okay,Extremely Relevant,Fine,Moderately Relevant,Seems quite clear,Extremely Relevant,,Extremely Relevant,,Extremely Relevant,"Good, capturing situational factors",Extremely Relevant,Yes good,Extremely Relevant,Clear,Extremely Relevant,"Good, and something about agency here too?",Extremely Relevant,Seems good from enjoyment perspective!,Extremely Relevant,No issues.,Moderately Relevant,"Seems good, but can see how it touches on aspects of AIA episodes too? Not sure if 'immersion' resonates with EDR so much, but possibly!",Extremely Relevant,Seems clear,Moderately Relevant,"I see the relevance, it is a bit generic perhaps and may apply in other episodes? Perhaps not too much of an issue, it centrally positions enjoyment",Moderately Relevant,Seems a good way of capturing 'enhanced' experience,Moderately Relevant,Clear,Slightly Relevant,"Possibly could work, and I like the item, and seems a good way of capturing the 'motivational' situational factor. Not sure how it resonates directly with EDR, but would try and keep it!",Extremely Relevant,Good,Extremely Relevant,"No issues, straightforward",Extremely Relevant,"I like this, capturing situational factors",Slightly Relevant,"I can see the aim, though wonder if it is quite a strange item for respondents?",Slightly Relevant,"Not sure about this one, or its immediate relevance? Broad, not specific to EDR, and does conjure up a more aesthetic perspective?",Moderately Relevant,"Can see the relevance, though does not necessarily emphasise positive mood",Moderately Relevant,"Again I can see the relevance, but does it need to emphasise the positive mood element of this escapism?",Moderately Relevant,"Clear, similar comment here re. positive mood outlined in the EDR characterisation (though it may not be your aim!)",Moderately Relevant,"Seems okay, fairly neutral descriptive item",Extremely Relevant,"This makes sense, and fits the EDR episode pretty well!",Moderately Relevant,"Quite nice wording, somewhat neutral but I suspect respondents may infer some positive affective regulation here",Moderately Relevant,"The 'helped' aspect is quite good ",Slightly Relevant,"A bit less sure of the relevance here (does it tap into a specific descriptive scheme?), though not totally irrelevant",Slightly Relevant,"Possibly relevant, but not so sure!",Slightly Relevant,"I think it could work, though it makes me think of absorption or detachment in some way (possible crossover to the AIA episode and self-transcendence maybe?)",Moderately Relevant,Seems relevant,Slightly Relevant,Possibly relevant? Though makes me think of interest and the AIA episode here too?,Slightly Relevant,"Not fully sure, seems to resonate with the PEP episode and emotional support.",Moderately Relevant,"Seems interesting as an item, and captures some descriptive schemes",Moderately Relevant,"Interesting wording! Is this a more negative perspective on distraction somehow? Feels relevant, though a bit less sure on what it seeks to capture.",Moderately Relevant,"Good, I see the social / transactional dimension clearly",Moderately Relevant,Good and clear capture of agency.,"Regarding the distraction/diversion dimension of the episode, perhaps the items are mostly quite broad and general, and do not themselves emphasise a positive mood element; does that need to be the case? Depends perhaps on how the measurement is envisaged, but just something I noticed.

I wonder of the 'musical meaning' descriptive scheme could come through a little more in a few items, such as how meaning attributed to music may help with positive mood regulation and escapism etc.?",BLU,British
2024-10-17 10:38:03,2024-10-17 11:00:13,IP Address,100,1330,True,2024-10-17 11:00:14,R_2lt4UZWa11FpeMp,anonymous,EN,1,Yes,Yes,Extremely Relevant,,Moderately Relevant,,Extremely Relevant,,Extremely Relevant,,Extremely Relevant,,Extremely Relevant,,Extremely Relevant,,Extremely Relevant,"I personally think turned ""to"" the music would read better here.",Extremely Relevant,,Extremely Relevant,,Extremely Relevant,,Extremely Relevant,,Extremely Relevant,,Extremely Relevant,,Extremely Relevant,,Extremely Relevant,,Extremely Relevant,,Extremely Relevant,,Extremely Relevant,,Extremely Relevant,,Extremely Relevant,,Extremely Relevant,,Moderately Relevant,"This item is relevant but, in my experience a little too general. If the intention here is to find an underlying factor structure to these items, then what you may find is that items surrounding broad enjoyment do not clearly relate to one particular dimension. There is comparatively little variance in such items, and so it may not be a particularly useful marker to delineate between underlying factors. It may be worth considering whether this needs to be more specific, therefore, or whether it is worth dropping because of this.",Extremely Relevant,,Moderately Relevant,"As before, I suspect this item is a little too broad. It depends on your intentions, of course, but I would not say these enjoyment items need to be more specific. ",Moderately Relevant,"As before, I find this a little too broad.",Moderately Relevant,,Slightly Relevant,This needs to be more specific in my view. What is the listener's music more enjoyable in comparison to? Friends music? Music in a club? I think there needs to be greater specificity here.,Moderately Relevant,,Moderately Relevant,"I wonder if this item could be a little more precise. Distracted from what? Listeners tend to find musical distractions both a good and bad thing (e.g., being distracted from negative emotions or thoughts is good, whilst being distracted from work or a conversation is less good). I therefore think this needs some greater specificity.",Extremely Relevant,,Extremely Relevant,,Extremely Relevant,,Extremely Relevant,,Extremely Relevant,,Moderately Relevant,"As before, I think this is relevant but there could be more detail about distraction from what exactly?",Extremely Relevant,,Extremely Relevant,I think this item has been repeated :),Extremely Relevant,,Extremely Relevant,,Moderately Relevant,,Extremely Relevant,,Extremely Relevant,,Moderately Relevant,,Moderately Relevant,,Extremely Relevant,,"I think that the enjoyment aspects of music listening are always a tricky one. Nobody really listens to music because they do not enjoy it (e.g., as a form of self-torture), and so, in my experience at least, I have always found little variance in such factors. It's not that enjoyment is not relevant, it absolutely is, it's more of a general reservation that the lack of variance in intended enjoyment may not be a useful predictor or distinguishing factor in listening experiences. It may be a case of providing more specific examples in the items to pull out some specific aspect of enjoyment you may be interested in, or perhaps considering whether it is too broad so may be useful to leave to one side. With this said, I am basing this solely on my own experiences, so by all means consider what others have to say about this!",HUvA,British
2024-10-17 23:45:07,2024-10-17 23:51:50,IP Address,100,402,True,2024-10-17 23:51:50,R_3VdPMOlQurUpZlo,anonymous,EN,1,Yes,Yes,Extremely Relevant,,Extremely Relevant,,Extremely Relevant,,Extremely Relevant,,Extremely Relevant,,Extremely Relevant,,Extremely Relevant,,Extremely Relevant,,Extremely Relevant,,Extremely Relevant,,Extremely Relevant,,Extremely Relevant,,Extremely Relevant,,Extremely Relevant,,Extremely Relevant,,Extremely Relevant,,Extremely Relevant,,Extremely Relevant,,Extremely Relevant,,Extremely Relevant,,Extremely Relevant,,Moderately Relevant,,Extremely Relevant,,Moderately Relevant,,Extremely Relevant,,Extremely Relevant,,Not Relevant,,Extremely Relevant,,Extremely Relevant,,Extremely Relevant,,Extremely Relevant,,Extremely Relevant,,Extremely Relevant,,Extremely Relevant,,Extremely Relevant,,Extremely Relevant,,Extremely Relevant,,Extremely Relevant,,Extremely Relevant,,Extremely Relevant,,Extremely Relevant,,Extremely Relevant,,Extremely Relevant,,Extremely Relevant,,Extremely Relevant,,Extremely Relevant,,,ILPU,ARGENTINE
2024-10-19 00:38:48,2024-10-19 00:57:26,IP Address,100,1117,True,2024-10-19 00:57:26,R_50OXjTK5xr1V0ja,anonymous,EN,1,Yes,Yes,Extremely Relevant,,Extremely Relevant,,Extremely Relevant,,Extremely Relevant,,Extremely Relevant,,Extremely Relevant,,Moderately Relevant,,Extremely Relevant,,Extremely Relevant,,Extremely Relevant,,Extremely Relevant,,Slightly Relevant,,Moderately Relevant,,Extremely Relevant,,Extremely Relevant,,Moderately Relevant,,Moderately Relevant,"I would phrase it as ""in the way the music sounded"" ",Extremely Relevant,,Slightly Relevant,"This sounds to me more like an attention mode, rather than as a functional context",,"I would phrase it, more simply, as: ""I was having a good time with the music""",Extremely Relevant,,Not Relevant,Too ambiguous,Extremely Relevant,,Moderately Relevant,,Extremely Relevant,,Extremely Relevant,,Slightly Relevant,,Not Relevant,"I don't really get what the item is about: ""more enjoyable"" than what?",Moderately Relevant,,Moderately Relevant,,Extremely Relevant,,Extremely Relevant,,Slightly Relevant,"I would phrase it as ""The music made me forget my worries""",Extremely Relevant,,Extremely Relevant,,Extremely Relevant,,Moderately Relevant,,,,Extremely Relevant,,Moderately Relevant,,Extremely Relevant,,Slightly Relevant,"I think it may be too metaphorical, not everyone would understand what ""navigating one's emotions"" means. I would phrase it as ""The music helped me work out what I was feeling and find solace""",Extremely Relevant,,Moderately Relevant,,Not Relevant,,Extremely Relevant,,"I think you could add more items about using the music to dance.

Adding negative items could be informative too. E.g.: ""The music did not help me stop thinking about my worries""",JIU,Colombian
2024-10-22 16:36:47,2024-10-22 17:48:14,IP Address,100,4287,True,2024-10-22 17:48:15,R_5qxtdOi4tyo4oOl,anonymous,EN,1,Yes,Yes,Extremely Relevant,,Moderately Relevant,,Moderately Relevant,,Extremely Relevant,,Extremely Relevant,,Extremely Relevant,,Moderately Relevant,"""I felt rested when I listened to the music"" might make more sense",Extremely Relevant,,Moderately Relevant,,Extremely Relevant,,Extremely Relevant,,Moderately Relevant,,Moderately Relevant,,Extremely Relevant,,Moderately Relevant,,Extremely Relevant,,Extremely Relevant,,Extremely Relevant,,Moderately Relevant,Could also work for AIA,Moderately Relevant,,Extremely Relevant,,Slightly Relevant,More AIA,Extremely Relevant,,Slightly Relevant,,Extremely Relevant,,Extremely Relevant,,Slightly Relevant,,Slightly Relevant,,Not Relevant,This is aesthetic (AIA),Slightly Relevant,"""I was distracted from my feelings by the music"" might get at the point more",Extremely Relevant,,Extremely Relevant,,Extremely Relevant,,Moderately Relevant,,Moderately Relevant,Could also work for Focus-Motivation,Moderately Relevant,,Moderately Relevant,,Moderately Relevant,,Moderately Relevant,,Moderately Relevant,,Slightly Relevant,,Moderately Relevant,Also would work for PEP,Moderately Relevant,,Slightly Relevant,"What does ""more than someone should be"" add to the item?",Slightly Relevant,More CB,Extremely Relevant,,I thought this one was very well defined. Good job!,WUP,American
2024-10-25 05:47:54,2024-10-25 06:35:10,IP Address,100,2835,True,2024-10-25 06:35:11,R_4PTrnzcIhPWOuvw,anonymous,EN,1,Yes,Yes,Extremely Relevant,,Extremely Relevant,,Extremely Relevant,,Extremely Relevant,,Extremely Relevant,,Extremely Relevant,,Moderately Relevant,"This sentence appears strange at face value, consider ""The music allowed me to feel rested""?",Extremely Relevant,,Extremely Relevant,,Extremely Relevant,"Although consider ""recharge"" instead of ""recuperate"" (as recuperate is usually associated with physical conditions)",Extremely Relevant,,Extremely Relevant,,Not Relevant,"This sentence reads fine in itself, but I'm not sure how the social appraisal dimension fits in with the EDR construct",Extremely Relevant,,Extremely Relevant,,Extremely Relevant,,Extremely Relevant,,Extremely Relevant,,Extremely Relevant,,Moderately Relevant,"I think the phrase ""having a good time"" is more commonly associated with social situations or interactions with people, consider: ""I felt like I was enjoying myself because of the music""",Extremely Relevant,,Extremely Relevant,,Extremely Relevant,"This seems to be a re-word of the item ""I felt like I was having a good time with the music""",Not Relevant,"The logic of this sentence is a bit awkward for me - individuals may not always listen to music to sing or hum along. In addition, I'm not sure how directly this relates to Enjoyment, Distraction or Relaxation?",Extremely Relevant,,Extremely Relevant,,Extremely Relevant,"I expected ""the music"" - instead of ""this""?",Not Relevant,"I think this sentence reads fine, but does not seem directly related to Enjoyment, Distraction or Relaxation",Not Relevant,,Slightly Relevant,"I think this item also reads fine, but it does not tell us why the individual is distracted by the music - which is essential to the construct Distraction.",Extremely Relevant,,Extremely Relevant,,Extremely Relevant,"consider ""... what I was thinking about or doing"" ",Extremely Relevant,Really like this item :),Extremely Relevant,,Extremely Relevant,,Extremely Relevant,,,I think this is a duplicate item,Extremely Relevant,,Extremely Relevant,,Extremely Relevant,,Extremely Relevant,,Extremely Relevant,"Just wondering why specifically ""social interactions""? I presume social interactions in this context function as a stressor, so it could be made be generic: ""... to distraction me from a stressful situation""",Not Relevant,"This item also does not tell us why the individual was distracted, but it does function as a self-report of how much an individual is affected by a musical encounter.",Not Relevant,,Slightly Relevant,as a distraction from what?,"I think the items for EDR are quite comprehensive, but just a note that there were a handful of items that seem to measure how distractable (in general) a person is with music. In that regard, I am not sure the direct relevance of these items to EDR as how this episode is currently defined. 

With that said, the extent to which an individual could be distracted / affected / immersed with a musical interaction (which relates to their absorption trait e.g. AIMS by Russo and colleagues) is definitely a concept related to EDR. ",HNTU,Singaporean
