StartDate,EndDate,Status,Progress,Duration (in seconds),Finished,RecordedDate,ResponseId,DistributionChannel,UserLanguage,Q_RecaptchaScore,"18 years old? ","Consent ",EM2,"EM2_note ","EM3 ","EM3_note ","EM5 ","EM5_note ","EM6 ","EM6_note ","EM7 ","EM7_note ","EM9 ","EM9 ","EM10 ","EM10_note ","EM12 ","EM12_note ","EM13 ","EM13_note ","EM14 ","EM14_note ","EM16 ",EM16_note,"EM17 ","EM17_note ","EM18 ","EM18_note ","EM20 ","EM20_note ","EM21 ","EM21_note ","EM22 ","EM22_note ","EM23 ","EM23_note ","MF2 ","MF2_note ","MF3 ","MF3_note ","MF4 ","MF4_note ","MF5 ","MF5_note ","MF6 ","MF6_note ","MF7 ","MF7_note ","MF8 ","MF8_note ","MF11 ","MF11_note ","MF12 ","MF12_note ","MF15 ","MF15_note ","MF18 ","MF18_note ","MF20 ","MF20 ","MF21 ","MF21_note ","MF23 ","MF23_note ",End Eval - FMÂ ,"IDCode ","Nationality "
Start Date,End Date,Response Type,Progress,Duration (in seconds),Finished,Recorded Date,Response ID,Distribution Channel,User Language,Q_RecaptchaScore,Are you aged 18 or older?,Do you consent to taking part in this study?,The music pumped me up,Notes about the item,I was energised from listening to the music,Notes about the item,Listening to the music made me excited,Notes about the item,I knew the music would improve my mood,Notes about the item,Listening to the music enhanced my mood,Notes about the item,I listened to the music to reduce my anxiety,Notes about the item,Listening to the music perked me up,Notes about the item,I wanted the music to take thoughts out of my head,Notes about the item,The music made the experience to be less boring,Notes about the item,Listening the the music made me more alert,Notes about the item,I wanted the music to take my mind off of things,Notes about the item,The music motivated me to get ready,Notes about the item,The music improved my focus,Notes about the item,Someone told me this music would improve my mood,Notes about the item,The music was a socially appropriate way of improving my mood,Notes about the item,Someone told me this music was good for getting pumped up,Notes about the item,I wanted to control the music so I could motivate myself,Notes about the item,Music helped me focus on what I was doing,Notes about the item,The music motivated me,Notes about the item,The music made it easy to keep track of my thoughts and feelings,Notes about the item,The music let me focus on the present moment,Notes about the item,I was so caught up in the music that I did not notice anything else,Notes about the item,The music distracted me from what I wanted to do,Notes about the item,Being motivated by the music felt productive,Notes about the item,I wanted the music to motivate me,Notes about the item,The music helped me accomplish work I needed to do,Notes about the item,I needed music on in the background,Notes about the item,Listening to music made time pass faster,Notes about the item,This was the music people said I needed to use in order to focus,Notes about the item,The music I was listening to would have made people assume I was motivating myself,Notes about the item,I chose to listen to music to help me focus,Notes about the item,Were there aspects of Focus-Motivation which you thought were missing or under represented in the item pool? Or similar concepts missing which need to be addressed?,"Please input an identification code using this format: ""initial of your last name + institutional abbreviation"" 

For example, someone named 'Kirts' at 'Durham University' would write the code: KDU",What is your nationality?
"{""ImportId"":""startDate"",""timeZone"":""Europe/London""}","{""ImportId"":""endDate"",""timeZone"":""Europe/London""}","{""ImportId"":""status""}","{""ImportId"":""progress""}","{""ImportId"":""duration""}","{""ImportId"":""finished""}","{""ImportId"":""recordedDate"",""timeZone"":""Europe/London""}","{""ImportId"":""_recordId""}","{""ImportId"":""distributionChannel""}","{""ImportId"":""userLanguage""}","{""ImportId"":""Q_RecaptchaScore""}","{""ImportId"":""QID68""}","{""ImportId"":""QID66""}","{""ImportId"":""QID1""}","{""ImportId"":""QID2_TEXT""}","{""ImportId"":""QID3""}","{""ImportId"":""QID4_TEXT""}","{""ImportId"":""QID5""}","{""ImportId"":""QID6_TEXT""}","{""ImportId"":""QID7""}","{""ImportId"":""QID8_TEXT""}","{""ImportId"":""QID9""}","{""ImportId"":""QID10_TEXT""}","{""ImportId"":""QID11""}","{""ImportId"":""QID12_TEXT""}","{""ImportId"":""QID13""}","{""ImportId"":""QID14_TEXT""}","{""ImportId"":""QID15""}","{""ImportId"":""QID16_TEXT""}","{""ImportId"":""QID17""}","{""ImportId"":""QID18_TEXT""}","{""ImportId"":""QID19""}","{""ImportId"":""QID20_TEXT""}","{""ImportId"":""QID21""}","{""ImportId"":""QID22_TEXT""}","{""ImportId"":""QID23""}","{""ImportId"":""QID24_TEXT""}","{""ImportId"":""QID25""}","{""ImportId"":""QID26_TEXT""}","{""ImportId"":""QID28""}","{""ImportId"":""QID29_TEXT""}","{""ImportId"":""QID30""}","{""ImportId"":""QID31_TEXT""}","{""ImportId"":""QID32""}","{""ImportId"":""QID33_TEXT""}","{""ImportId"":""QID34""}","{""ImportId"":""QID35_TEXT""}","{""ImportId"":""QID36""}","{""ImportId"":""QID37_TEXT""}","{""ImportId"":""QID38""}","{""ImportId"":""QID39_TEXT""}","{""ImportId"":""QID40""}","{""ImportId"":""QID41_TEXT""}","{""ImportId"":""QID42""}","{""ImportId"":""QID43_TEXT""}","{""ImportId"":""QID44""}","{""ImportId"":""QID45_TEXT""}","{""ImportId"":""QID46""}","{""ImportId"":""QID47_TEXT""}","{""ImportId"":""QID48""}","{""ImportId"":""QID49_TEXT""}","{""ImportId"":""QID50""}","{""ImportId"":""QID51_TEXT""}","{""ImportId"":""QID52""}","{""ImportId"":""QID53_TEXT""}","{""ImportId"":""QID54""}","{""ImportId"":""QID55_TEXT""}","{""ImportId"":""QID56""}","{""ImportId"":""QID57_TEXT""}","{""ImportId"":""QID60""}","{""ImportId"":""QID61_TEXT""}","{""ImportId"":""QID58""}","{""ImportId"":""QID59_TEXT""}","{""ImportId"":""QID62""}","{""ImportId"":""QID63_TEXT""}","{""ImportId"":""QID27_TEXT""}","{""ImportId"":""QID71_TEXT""}","{""ImportId"":""QID70_TEXT""}"
2024-07-16 11:25:06,2024-07-16 11:28:32,IP Address,100,205,True,2024-07-16 11:28:33,R_8cmIPDBWeKdwEi5,anonymous,EN,,,,Extremely Relevant,,Extremely Relevant,,Moderately Relevant,This can be about arousal/reward etc,Extremely Relevant,,Extremely Relevant,,Moderately Relevant,,Extremely Relevant,,Not Relevant,distraction?,Moderately Relevant,,Moderately Relevant,,Slightly Relevant,EDR as in distraction,Extremely Relevant,,Extremely Relevant,,Moderately Relevant,,Moderately Relevant,,Extremely Relevant,,Moderately Relevant,,Extremely Relevant,,Extremely Relevant,,Moderately Relevant,,Extremely Relevant,,Extremely Relevant,,Extremely Relevant,,Moderately Relevant,,Extremely Relevant,,Extremely Relevant,,Moderately Relevant,,Extremely Relevant,,Extremely Relevant,,Extremely Relevant,,Extremely Relevant,,These were relatively easy. Something about getting into Zone or maintaining focus could have been there.,,
2024-08-12 17:18:15,2024-08-12 17:22:52,IP Address,100,276,True,2024-08-12 17:22:53,R_8SyHHlRDjrRXLPz,anonymous,EN,,,,Slightly Relevant,,Slightly Relevant,,Slightly Relevant,,Not Relevant,,Slightly Relevant,,Not Relevant,,Not Relevant,,Slightly Relevant,,Extremely Relevant,,Moderately Relevant,,Not Relevant,,Extremely Relevant,,Extremely Relevant,,Not Relevant,,Not Relevant,,Not Relevant,,Slightly Relevant,,Extremely Relevant,,Extremely Relevant,,Slightly Relevant,,Extremely Relevant,,Not Relevant,,Moderately Relevant,This should probably be reverse-scored,Extremely Relevant,,Moderately Relevant,,Extremely Relevant,,Moderately Relevant,,Slightly Relevant,,Not Relevant,,Not Relevant,,Extremely Relevant,,,,
2024-09-06 09:47:54,2024-09-06 09:48:19,Survey Preview,100,25,True,2024-09-06 09:48:19,R_8JDU2b1ci7drk0K,preview,EN,,Yes,No,,,,,,,,,,,,,,,,,,,,,,,,,,,,,,,,,,,,,,,,,,,,,,,,,,,,,,,,,,,,,,,,,
2024-09-06 09:55:13,2024-09-06 09:55:40,Survey Preview,100,26,True,2024-09-06 09:55:41,R_8Jgu5KbNXdnUwyr,preview,EN,,No,,,,,,,,,,,,,,,,,,,,,,,,,,,,,,,,,,,,,,,,,,,,,,,,,,,,,,,,,,,,,,,,,,
2024-09-06 10:52:36,2024-09-06 10:53:51,Survey Preview,100,74,True,2024-09-06 10:53:51,R_2B8w27nwRdnVQpi,preview,EN,1,Yes,Yes,,,,,,,,,,,,,,,,,,,,,,,,,,,,,,,,,,,,,,,,,,,,,,,,,,,,,,,,,,,,,,,,KDU,
2024-09-24 12:42:04,2024-09-24 12:46:01,IP Address,100,236,True,2024-09-24 12:46:02,R_8qkW7pK7dvNyynN,anonymous,EN,1,Yes,Yes,Extremely Relevant,,Extremely Relevant,,Extremely Relevant,,Extremely Relevant,,Extremely Relevant,,Moderately Relevant,,Moderately Relevant,,Slightly Relevant,,Extremely Relevant,,Extremely Relevant,,,"Do you need 'of' in this question? ",Extremely Relevant,,Extremely Relevant,,Not Relevant,"Not sure why this matters? ",Moderately Relevant,,Not Relevant,"Same as before, relevance? ",Extremely Relevant,,Extremely Relevant,,Extremely Relevant,,Extremely Relevant,,Moderately Relevant,,Extremely Relevant,"This is almost like flow? ",Moderately Relevant,,Slightly Relevant,,Slightly Relevant,,Extremely Relevant,,Not Relevant,Why?,Extremely Relevant,"Again, bit like flow?",Not Relevant,Hard to apply,Not Relevant,This is quite a complex concept,Extremely Relevant,,"I am not sure the items relating to advice from others are very helpful. ",OUoY,British
2024-10-03 09:17:47,2024-10-03 09:23:28,IP Address,100,340,True,2024-10-03 09:23:28,R_2ZOdSa2DO5hA4xP,anonymous,EN,1,Yes,Yes,Moderately Relevant,,Moderately Relevant,,Slightly Relevant,,Slightly Relevant,,Slightly Relevant,,Slightly Relevant,,Slightly Relevant,,Moderately Relevant,,Slightly Relevant,,Slightly Relevant,,Moderately Relevant,,Slightly Relevant,only relevant when get ready for something,Extremely Relevant,,Slightly Relevant,,Slightly Relevant,,Moderately Relevant,,Moderately Relevant,,Extremely Relevant,,Extremely Relevant,,Slightly Relevant,,Moderately Relevant,,Moderately Relevant,,Moderately Relevant,,Slightly Relevant,,Moderately Relevant,,Extremely Relevant,,Slightly Relevant,,Moderately Relevant,,Moderately Relevant,,Slightly Relevant,somewhat complicated wording,Extremely Relevant,,,JDU,USA
2024-10-04 14:44:24,2024-10-04 16:00:24,IP Address,100,4560,True,2024-10-04 16:00:25,R_8F3t4v6MTMj8vB1,anonymous,EN,1,Yes,Yes,Extremely Relevant,,Extremely Relevant,,Moderately Relevant,,Extremely Relevant,,Extremely Relevant,,Moderately Relevant,Overlaps with EDR: distraction,Extremely Relevant,,Moderately Relevant,"can be confused with EDR: distraction, if the thoughts to be removed are stressors or anxiety related. However, it could be focused as something like ""stops my mind wandering"" / ""keeps my thoughts focused""",Slightly Relevant,EDR: distraction overlap. Is the distinction between the two captured episodes captured most by who much attention is being placed on the music?,Not Relevant,,Slightly Relevant,to support another goal or just to stop the thoughts?,Moderately Relevant,,Extremely Relevant,,Slightly Relevant,This seems more like a CB episode - listening because of the social pressure implied by someone offering advice. I'd suggest the goal here is maintaining or building social relationships,Extremely Relevant,,,"again, seems very CB related with a focus of FM, but appraisals of agency and coping potential (in this sense your willingness to try new music at any particular moment) seem relevant ",Moderately Relevant,,Extremely Relevant,,,"to keep going, or to start a new task? the first would appear appropriate to the FM episode, the second less so.",Slightly Relevant,"If keeping track of feelings is the task, it appears more related to PEP episodes. ",Moderately Relevant,,Moderately Relevant,,Not Relevant,,Extremely Relevant,,Moderately Relevant,"as a goal to be achieved it could be confused with EDR: Enjoyment motivations too. Or perhaps EDR: enjoyment episodes are subsumed by the FM episodes, but prevalent enough to warrant a separate category",Extremely Relevant,,Slightly Relevant,"to aid with my task, or this could be confused with EDR: distraction or just about any unfocused listening goal / adjacent goal",Slightly Relevant,"Heavily overlaps with EDR: distraction. Certain specific goals will show such overlaps between episode types, but if the goal is to capture the core of the episodes this could be confusing",Moderately Relevant,,Extremely Relevant,,Extremely Relevant,,"The core components of self-actualisation seems absent. Music as a aid to fulfilling ones 'true' potential and as a task aid that improves the quality of the task being done.

There may be a missing social aspect of this in group work. (e.g. we work better together, music keeps us on task; music motivates us; etc.)",TML,British
2024-10-06 15:07:04,2024-10-06 15:14:06,IP Address,100,421,True,2024-10-06 15:14:06,R_2qHFmjueiwJLZhw,anonymous,EN,1,Yes,Yes,Extremely Relevant,,Moderately Relevant,,Slightly Relevant,does that really capture motivation? or just a general emotion?,Not Relevant,not really Focus/Motivation,Not Relevant,,Not Relevant,,Not Relevant,,Slightly Relevant,EDR?,Slightly Relevant,EDR,Moderately Relevant,,Not Relevant,EDR,Moderately Relevant,,Extremely Relevant,,Slightly Relevant,,Not Relevant,,Moderately Relevant,,Slightly Relevant,,Extremely Relevant,,Extremely Relevant,,Not Relevant,,Extremely Relevant,,Slightly Relevant,maybe more to the Distraction?,Slightly Relevant,again more to the Distraction?,Moderately Relevant,,Extremely Relevant,,Extremely Relevant,,Not Relevant,more to the EDR episode,Not Relevant,EDR?,Moderately Relevant,,Slightly Relevant,,Extremely Relevant,,"this was the most scattered one yet... seemed like there were a lot of overlaps with other episodes (mostly EDR, PEP probably...)",KJYU,German
2024-10-06 17:43:34,2024-10-06 17:53:21,IP Address,100,586,True,2024-10-06 17:53:21,R_7XoYWtCjQrJeDG4,anonymous,EN,0.6000000238418579,Yes,Yes,Extremely Relevant,Also relevant to LMA - emotional,Extremely Relevant,,Moderately Relevant,Also relevant to EDR - enjoyment,Moderately Relevant,"Relevant to energy control construct, overlaps somewhat with LMA - emotional",Extremely Relevant,,Moderately Relevant,Relevant also to PEP -reflection/coping,Extremely Relevant,,Slightly Relevant,This prompt seems more relevant to EDR- distraction,Slightly Relevant,"I think rephrasing this in the positive ""The music made the experience more enjoyable"" seems to overlap wit EDR- enjoyment",Extremely Relevant,,Moderately Relevant,Relevant also to EDR-distraction,Extremely Relevant,,Extremely Relevant,,Moderately Relevant,Relevant also to EDR constructs,Extremely Relevant,Reates to mood enhancement aspect of FM,Extremely Relevant,,Extremely Relevant,,Extremely Relevant,,Extremely Relevant,,Extremely Relevant,Reflects mood enhancement aspect of FM,Extremely Relevant,,Moderately Relevant,Relevant also to EDR -distraction,Not Relevant,More relevant to EDR - distraction,Moderately Relevant,"Could this simply say ""I was motivated by the music""?",Extremely Relevant,,Extremely Relevant,,Moderately Relevant,"This could include ""...to complete the task""",Extremely Relevant,Also relevant to EDR - distraction,Extremely Relevant,,Extremely Relevant,,Extremely Relevant,This seems quite similar to previous prompts,"The item pool was very clear throughout. Some items overlapped slightly with EDR constructs, but most unambiguously capture the FM episode",AMU,Canadian
2024-10-08 02:04:46,2024-10-08 02:09:37,IP Address,100,290,True,2024-10-08 02:09:38,R_4eQYjMeHU7cGIkn,anonymous,EN,1,Yes,Yes,Extremely Relevant,,Extremely Relevant,,Moderately Relevant,,Extremely Relevant,,Extremely Relevant,,Extremely Relevant,,Extremely Relevant,,Extremely Relevant,,Slightly Relevant,,Moderately Relevant,,Extremely Relevant,,Extremely Relevant,,Extremely Relevant,,Slightly Relevant,,Slightly Relevant,,Slightly Relevant,,Moderately Relevant,,Extremely Relevant,,Extremely Relevant,,Extremely Relevant,,Extremely Relevant,,Moderately Relevant,,Not Relevant,,Extremely Relevant,,Slightly Relevant,,Extremely Relevant,,Moderately Relevant,,Slightly Relevant,,Slightly Relevant,,Slightly Relevant,,Extremely Relevant,,,NUNSW,Chinese
2024-10-09 20:15:24,2024-10-09 20:34:10,IP Address,100,1126,True,2024-10-09 20:34:11,R_2zTHg9oG12x1Kwe,anonymous,EN,1,Yes,Yes,Moderately Relevant,"Relevant, can see this similarly in terms of enhancing positive mood too (EDR episode)",Moderately Relevant,"Again, makes sense I think but some crossover with EDR?",Slightly Relevant,"I am bit less sure now of these items about increased arousal; the descriptive scheme is not necessarily clear, and there is some crossover with EDR episodes which may need to be considered ",Not Relevant,"Seems like mood regulation, more relevant for EDR episodes as described?",Not Relevant,Similar comment re. mood regulation and relevance for EDR episode,Slightly Relevant,This seems to me more relevant for EDR episodes,Slightly Relevant,"More relevant in line with motivation and attention perhaps, but still thinking about the FM and EDR episode crossovers",Moderately Relevant,"Seems quite relevant, possibly can be interpreted in relation to getting negative thoughts out of one's head (i.e., some kind of emotion regulation), but the broadness helps.",Moderately Relevant,"Pretty clear item, can the words 'to and 'be' be dropped?",Moderately Relevant,Seems good,Moderately Relevant,"Good; again a participant may fill the gap here and think of this item in terms of taking their mind off 'negative thoughts'. ",Extremely Relevant,Clear,Extremely Relevant,Seems good,Not Relevant,"Not fully convinced that mood improvement fits squarely in the FM episode, compared to EDR?",Not Relevant,"It is a nice situational item, but again I am unsure that mood regulation fits in this episode",Moderately Relevant,"It is more relevant than mood regulation items, but there remains some possible crossover with EDR episodes?",Extremely Relevant,"Nice, and captures agency",Extremely Relevant,Looks good.,Moderately Relevant,"Fairly clear, quite broad wording.",Slightly Relevant,"Possibly relevant, though a bit less clear (perhaps the 'feelings' part, which gives a sense of introspection not necessarily made clear in the FM episode?)",Slightly Relevant,"Feels fairly generic, in some ways could be applicable in other episodes (e.g., EDR)?",Slightly Relevant,"Sounds like absorption/attention; could be relevant (i.e., concentration), but perhaps episode scope could be clearer (as the item may also touch on feelings of self-transcendence in some way, and then we get into that family of responses which brings 'awe' to mind too).",Moderately Relevant,"Seems relevant, and perhaps more negative (i.e., the music runs counter to goals/functions). Not seen so many negative items so far!",Moderately Relevant,Could be a tricky one to answer?,Extremely Relevant,"Seems good, and captures functional context",Extremely Relevant,Clear,Slightly Relevant,"Possibly could work, feels quite broad and again possibly applicable for some other episodes, like EDR?? ",Moderately Relevant,"I perhaps see that this works, as a way of capturing listening modes and agency?",Extremely Relevant,"Seems good, situationally framed",Moderately Relevant,"I can see the sense in this, although it may feel a strange item to respond to?",Extremely Relevant,Good,"Perhaps the main consistent pattern in my responses concerns various items alluding to arousal and mood regulation, which could be applicable for EDR episodes, as opposed to FM episodes (this feels more clear with the mood regulation items). 

I am not sure if I saw the 'musical meaning' or 'situational context' descriptive schemes come through so clearly in the items? Could there be something about blocking our external stimulation/distraction to afford focus (i.e., context), or even something about a 'lack of meaning' in the music chosen for focus (so as not to introduce more disruption)? These are only immediate thoughts that come to mind!",BLU,British
2024-10-17 11:46:01,2024-10-17 14:54:04,IP Address,100,11282,True,2024-10-17 14:54:04,R_2cVeHlEqFe9kms1,anonymous,EN,1,Yes,Yes,Extremely Relevant,,Moderately Relevant,,Moderately Relevant,,Not Relevant,"To me, this seems more about mood management than FM. I personally view this dimension as being almost more about auditory regulation to achieve a desired cognitive state, rather than to alleviate negative emotions. There feels like there should be something more of a distinction in there. ",Moderately Relevant,"Similar to before, although I do quite like the idea of enhancement. Exaggerating rather than changing mood feels consistent with the idea of motivation!",Moderately Relevant,"I follow the logic of this item, but I wonder whether it could be more clearly related to FM? Perhaps noting that this reduction in anxiety enabled greater focus? For example, ""I listened to the music to reduce my anxiety which helped me focus"" or something. ",Moderately Relevant,,Not Relevant,This reads more like it should sit with the EDR items to me personally.,Moderately Relevant,,Moderately Relevant,,Not Relevant,"As with some other items, I read that this should sit with the EDR rather than FM items.",Extremely Relevant,,Extremely Relevant,,Slightly Relevant,This feels more social and emotional than FM.,Not Relevant,I think this item seems more like a Connection-Bonding item than a Focus and Motivation one.,Slightly Relevant,"I read this as being more related to CB still, but I do see greater relevance here.",Extremely Relevant,,Extremely Relevant,,Extremely Relevant,"It might be worth considering a brief extension to this item (e.g., ""The music motivated me to complete my task""). In my reading of the scope of this scheme, this may just help retain some more specificity.",Extremely Relevant,,Extremely Relevant,,Extremely Relevant,,,"This item reads as being negative, which I have reservations around since participants can find these confusing given the positive framing of other items.",Extremely Relevant,,Extremely Relevant,,Extremely Relevant,,Slightly Relevant,"Although somewhat relevant, I'd personally say this item could be more closely related to the scheme. I feel this could currently relate to other schemes (e.g., EDR), and so may not be clearly represented FM enough.",Moderately Relevant,"As before, I think this could be more specific to the scheme. Music listening to pass time may plausibly be present in other schemes also, and so I'm not sure this reads as being exclusive enough to this dimension.",Moderately Relevant,,Moderately Relevant,"I think this is perhaps too context-dependent. In my mind, FM could relate to motivation indeed (e.g., exercise in the gym), however, it could also relate to work focus specifically, but not necessarily at the same time. The music selected may be very different in these contexts and not equally represent motivations (e.g., heavy metal when exercising seems more likely to elicit perceptions of motivation, whereas ambient music when working seems less likely to evoke such perceptions so much as focus). I would therefore suggest some consideration here as to whether you think the internal facets of the dimensions should be consistent contextually, as I would expect some variation here (and some noise in this particular item). Hope that makes sense!",Extremely Relevant,,"I think that some of these items sometimes read as being from a different scheme (e.g., items referring to the avoidance of negative thoughts). I therefore think there could be some restructuring with some of the items between the schema.

I also think there could be some greater recognition that focus and motivation may not necessarily be consistent between activities. For example, focus is of greater importance during work or study whereas motivation may be of greater importance during exercise. Though related, I wonder if this delineation is important to consider moving forward.",HUvA,British
2024-10-17 23:31:30,2024-10-17 23:38:25,IP Address,100,414,True,2024-10-17 23:38:26,R_7CIYgJKjgv9t9sN,anonymous,EN,1,Yes,Yes,Extremely Relevant,,Extremely Relevant,,Extremely Relevant,,Extremely Relevant,,Extremely Relevant,,Extremely Relevant,,Extremely Relevant,,Extremely Relevant,,Extremely Relevant,,Extremely Relevant,modify the by to in Listening to the music,Extremely Relevant,,Extremely Relevant,,Extremely Relevant,,Extremely Relevant,,Extremely Relevant,,Extremely Relevant,,Extremely Relevant,,Extremely Relevant,,Extremely Relevant,,Extremely Relevant,,Extremely Relevant,,Extremely Relevant,,Extremely Relevant,,Extremely Relevant,,Extremely Relevant,,Extremely Relevant,,Extremely Relevant,,Extremely Relevant,,Extremely Relevant,,Moderately Relevant,,Extremely Relevant,,,ILPU,ARGENTINE
2024-10-19 01:11:44,2024-10-19 01:43:26,IP Address,100,1902,True,2024-10-19 01:43:26,R_7jPS4iSfa96U8r9,anonymous,EN,1,Yes,Yes,Extremely Relevant,,Extremely Relevant,,Extremely Relevant,,Extremely Relevant,,Extremely Relevant,,Extremely Relevant,,Extremely Relevant,,Extremely Relevant,,Extremely Relevant,,Extremely Relevant,,Extremely Relevant,,Extremely Relevant,,Extremely Relevant,,Slightly Relevant,,Not Relevant,,Slightly Relevant,,Slightly Relevant,,Extremely Relevant,,Not Relevant,Too ambiguous.,Moderately Relevant,,Extremely Relevant,,Not Relevant,"It seems to have to do with attention modality than with the intention behind the use of music. ",Extremely Relevant,,Slightly Relevant,,Moderately Relevant,,Extremely Relevant,,Not Relevant,"Too ambiguous. ",Moderately Relevant,,Moderately Relevant,,Moderately Relevant,,Extremely Relevant,,"I don't remember seeing items related to achieving ""group coordination"" for a task.

I also think you could include items about using music to perform a task in time with the music, i.e. with a steady rhythm, even when the person is alone. E.g. jogging, cycling, working out in the gym, etc. ",JIU,Colombian
2024-10-22 16:18:41,2024-10-22 16:28:08,IP Address,100,566,True,2024-10-22 16:28:09,R_6qsNNeo7WaszN7j,anonymous,EN,1,Yes,Yes,Slightly Relevant,More appropriate for EDR,Slightly Relevant,More appropriate for EDR,Slightly Relevant,More appropriate for EDR,Slightly Relevant,More appropriate for EDR,Slightly Relevant,More appropriate for EDR,Not Relevant,"Appropriate for EDR, not FM.",Slightly Relevant,More appropriate for EDR,Slightly Relevant,,Not Relevant,More appropriate for EDR,Moderately Relevant,,Not Relevant,Appropriate for EDR,Moderately Relevant,,Extremely Relevant,,Not Relevant,,Not Relevant,,Not Relevant,,Slightly Relevant,,Extremely Relevant,,Extremely Relevant,,Not Relevant,This is more applicable for PEP,Slightly Relevant,"""Present moment"" could be defined in many ways, depending on the person (the task, the music, the experience)",Not Relevant,This is more appropriate for AIA.,Not Relevant,This seems the opposite of Focus-Motivation. It belongs in EDR.,Moderately Relevant,,Moderately Relevant,,Extremely Relevant,,Moderately Relevant,,Slightly Relevant,,Extremely Relevant,,Extremely Relevant,Too wordy,Extremely Relevant,,"The four types of situational cues (cognitive, affective, motivational, social / transactional) don't all seem to fit well in the Focus-Motivation schema. Many of the items, especially the affective F-M questions, seem to fit more neatly in Enjoyment-Distraction-Relaxation.",WUP,American
2024-10-26 12:35:30,2024-10-26 13:13:21,IP Address,100,2271,True,2024-10-26 13:13:22,R_4Oiwln6TTYgviaP,anonymous,EN,1,Yes,Yes,Extremely Relevant,"I'm not sure if ""pumped me up"" will be understood in the same manner universally - could also consider ""energised"" instead",Extremely Relevant,"I like this item, although it can also be considered as ""I felt energised by the music"" ",Slightly Relevant,"Not too sure if excitement necessarily translates into the use of music for motivation and focus - could also be for entertainment, leisure, etc",Slightly Relevant,"""improve my mood"" here feels too broad for the episode FM - perhaps ""improve my concentration / focus""?",Slightly Relevant,"same comment as before: ""enhanced my mood"" here feels too broad for the episode FM - perhaps ""improve my concentration / focus""?",Not Relevant,I don't think a measure of how much music reduces anxiety relates to how the music helps in improving Focus or Motivation,Moderately Relevant,"Same comment as ""pumped me up"" - not too sure if it would be understood in the same manner universally",Not Relevant,,Slightly Relevant,"I think this item has a potential to be more relevant with an added association to a task, e.g. The music made ""completing my work"" less boring",Extremely Relevant,,Not Relevant,,Moderately Relevant,"Why specifically ""get ready""? How about other things like ""complete my task""?",Extremely Relevant,,Slightly Relevant,,Moderately Relevant,,Moderately Relevant,,Not Relevant,,Extremely Relevant,,Extremely Relevant,,Slightly Relevant,,Not Relevant,,Not Relevant,"This item reads fine in itself, but I think it is more related to how absorbed / engaged a person is with the music (possibly under Listening modes & Agency ""Diffuse""). As such, if applied to FM, it does not necessarily mean more ""caught up in the music"" -> more focus on the music -> less focus on the task",Moderately Relevant,,Slightly Relevant,"It feels a bit strange to me that one feels productive as a result of being motivated by the music. It likely is that one feels productive by accomplishing the task at hand as a result of the music motivating them. If so, consider: ""The music made me more motivated and productive""",Slightly Relevant,"This item seems to be measuring the intent of the person, instead of how much the person actually used music for Focus or Motivation.",Extremely Relevant,,Slightly Relevant,"I think the item can be made more relevant by associating it with a task: I needed music in the background ""to help me focus on my task"" / ""to motivate me""",Not Relevant,,Moderately Relevant,,Extremely Relevant,,Moderately Relevant,,"Currently, the items mostly use ""focus"" and ""motivate"" - I think there could be a mix with the use of some other synonyms such as ""concentrate"" too. ",HNTU,Singaporean
