StartDate,EndDate,Status,Progress,Duration (in seconds),Finished,RecordedDate,ResponseId,DistributionChannel,UserLanguage,Q_RecaptchaScore,"18yrold ","Consent ","DF2 ","DF2_note ","DF3 ","DF3_note ","DF5 ","DF5_note ","DF6 ","DF6_note ","DF7 ","DF7_note ","DF8 ","DF8_note ","DF9 ","DF9_note ",DF10,"DF10_note ","DF11 ","DF11_note ","DF12 ","DF12_note ","DF13 ","DF13_note ","DF15 ","DF15_note ","DF16 ","DF16_note ","DF17 ","DF17_note ","BA1 ","BA1_note ","BA2 ","BA2_note ","BA3 ","BA3_note ","BA4 ","BA4_note ","BA5 ","BA5_note ","BA6 ","BA6_note ","BA9 ","BA9_note ","BA10 ","BA10 ","BA11 ","BA11_note ","BA12 ","BA12_note ","BA13 ","BA13_note ","BA14 ","BA14_note ","BA15 ","BA15_note ","BA18 ","BA18_note ","BA19 ","BA19_note ","BA20 ","BA20_note ","BA21 ","BA21_note ","BA22 ","BA22_note ","EA1 ","EA1_note ","EA2 ","EA2_note ","EA3 ","EA3_note ","EA7 ","EA7_note ","EA8 ","EA8_note ","EA9 ","EA9_note ","EA10 ","EA10_note ","EA13 ","EA13_note ","EA16 ","EA16_note ","EA17 ","EA17_note ","EA19 ","EA19_note ","EA20 ","EA20_note ","EA21 ","EA21_note ","AA1 ","AA1_note ","AA2 ","AA2_note ","AA3 ","AA3_note ","AA4 ","AA4_note ","AA5 ","AA5_note ","AA6 ","AA6_note ","AA7 ","AA7_note ",AA9,"AA9_note ","AA10 ","AA10_note ","AA13 ","AA13_note ","AA14 ","AA14_note ","AA15 ","AA15_note ","AA16 ","AA16_note ","AA17 ","AA17_note ","AA18 ","AA18 ","AA21 ","AA21_note ","AA24 ","AA24_note ","AA25 ","AA25_note ","SA1 ","SA1_note ","SA4 ","SA4_note ","SA6 ","SA6_note ","SA7 ","SA7_note ","SA8 ","SA8_note ","SA11 ","SA11_note ","SA16 ","SA16_note ","SA19 ","SA19_note ","RC2 ","RC2_note ","RC3 ","RC3_note ","RC5 ","RC5_note ","RC7 ","RC7_note ","RC8 ","RC8_note ","RC9 ","RC9_note ","RC10 ","RC10_note ","RC12 ","RC12_note ","RC15 ","RC15_note ","RC16 ","RC16_note ","RC17 ","RC17_note ","End_eval ","IDcode ","Nationality "
Start Date,End Date,Response Type,Progress,Duration (in seconds),Finished,Recorded Date,Response ID,Distribution Channel,User Language,Q_RecaptchaScore,Are you aged 18 or older?,Do you consent to taking part in this study?,I noticed there was music playing,Notes on this item,My attention was toward the situation rather than anything else,Notes on this item,Music was only background noise for me,Notes on this item,I only noticed what the music was making me feel after sometime,Notes on this item,I realised after a while that the music was making me feel something,Notes on this item,The music was unrelated to how I felt in the experience,Notes on this item,The music played a significant role in how I was feeling,Notes on this item,"I was ""running on automatic"" in the situation without much awareness toward anything else",Notes on this item,I was preoccupied with more important things than music,Notes on this item,The music only provided ambience for the experience,Notes on this item,I was focused on something more important than listening to the music,Notes on this item,I paid more attention to other things rather than the music,Notes on this item,The music was apparently something I should have focused on,Notes on this item,I was actively paying attention to the music I heard,Notes on this item,I paid attention to how the music made my whole body feel,Notes on this item,The music made me dance,Notes on this item,I was aware of how my body was moving to the music,Notes on this item,I had to tap or move to the beat of the music,Notes on this item,I experienced a physical reaction from the music,Notes on this item,My body moved with the music,Notes on this item,I was aware of how I felt while moving to the music,Notes on this item,It felt right to move with the music,Notes on this item,Being physically connected with the music heightened my emotions,Notes on this item,My movements coincided with the music,Notes on this item,The music allowed me to try out new movements,Notes on this item,I was focused on playing or singing along with the music,Notes on this item,The music contributed to my physical health,Notes on this item,I aligned my movement to how someone else would move to the music,Notes on this item,I felt synchronised with how other people were moving,Notes on this item,The social situation called for moving to the music,Notes on this item,I felt in control of how my body moved to the music,Notes on this item,I was in control of how my body moved to the music,Notes on this item,I noticed that the music was changing my emotions,Notes on this item,I got emotional while listening,Notes on this item,I experienced a wide range of emotions while listening to the music,Notes on this item,The music made me feel emotional,Notes on this item,The music caused me to feel a certain emotion,Notes on this item,The music took me on an emotional journey,Notes on this item,My emotions changed as I continued to listen to the music,Notes on this item,I used music as preparation for my emotions,Notes on this item,My focus was on my emotions while I was listening to the music,Notes on this item,I could easily sense how the artist felt,Notes on this item,I thought other people would judge how I felt toward the music,Notes on this item,I kept the emotions I was feeling toward the music to myself,Notes on this item,I wanted to be in control of how the music made me feel,Notes on this item,The music had an influence on what I was thinking about,Notes on this item,The music induced visual imagery for me,Notes on this item,The music put fantastic images in my head,Notes on this item,Listening to music made me think about different experiences I have had,Notes on this item,The music helped me experience the moment as I would have as a child,Notes on this item,I saw vivid images in my head during the musical experience,Notes on this item,I remembered how listening to this music in the past made me feel,Notes on this item,The music reminded me of feeling a certain way in a different experience,Notes on this item,I used the music to think about how I was feeling,Notes on this item,Listening to music reminded me of feeling a certain way,Notes on this item,The music led my thoughts somewhere else,Notes on this item,The music made me contemplate,Notes on this item,I was lost in thought while listening to the music,Notes on this item,The music helped me reminisce,Notes on this item,The music was intellectually stimulating,Notes on this item,The music helped me learn something about another person,Notes on this item,I controlled my emotions toward the music by changing the way I thought about the experience,Notes on this item,I wanted control over the music so I could think properly,Notes on this item,I was focused on understanding the patterns or themes in the music,Notes on this item,I transformed sounds into music by the way I was listening,Notes on this item,I focused on hearing different layers in the music,Notes on this item,"As the music progressed, the themes or melodies made me feel differently",Notes on this item,I tried to match my emotions to the themes happening in the music,Notes on this item,Listening for details in the music allowed me to anticipate what came next,Notes on this item,I was judging the quality of the artist,Notes on this item,I chose to pay attention to the structural development of the music,Notes on this item,I gained new insights about the music by focusing on the small details,Notes on this item,I focused on subtle aspects of the music,Notes on this item,I analysed the complexity in the music,Notes on this item,Focusing on specific musical details made me more aware of my emotions,Notes on this item,I focused intensely on the details in the music,Notes on this item,I focused intensely on the individual sounds to prepare for any changes,Notes on this item,I concentrated on the music rather than doing anything else,Notes on this item,I was so caught up in the music I forgot about the world outside of myself,Notes on this item,It felt socially appropriate to focus intently on the music,Notes on this item,I chose to analyse the minor details of the music,Notes on this item,I needed to focus on analysing the sounds embedded in the music,Notes on this item,Were there aspects of Listening Mode or Agency which you thought were missing or under represented in the item pool? Or similar concepts missing which need to be addressed?,"Please input an identification code using this format: ""initial of your last name + institutional abbreviation"" 

For example, someone named 'Kirts' at 'Durham University' would write the code: KDU",What is your nationality?
"{""ImportId"":""startDate"",""timeZone"":""Europe/London""}","{""ImportId"":""endDate"",""timeZone"":""Europe/London""}","{""ImportId"":""status""}","{""ImportId"":""progress""}","{""ImportId"":""duration""}","{""ImportId"":""finished""}","{""ImportId"":""recordedDate"",""timeZone"":""Europe/London""}","{""ImportId"":""_recordId""}","{""ImportId"":""distributionChannel""}","{""ImportId"":""userLanguage""}","{""ImportId"":""Q_RecaptchaScore""}","{""ImportId"":""QID1217486640""}","{""ImportId"":""QID1217486641""}","{""ImportId"":""QID1""}","{""ImportId"":""QID2_TEXT""}","{""ImportId"":""QID3""}","{""ImportId"":""QID4_TEXT""}","{""ImportId"":""QID5""}","{""ImportId"":""QID6_TEXT""}","{""ImportId"":""QID7""}","{""ImportId"":""QID8_TEXT""}","{""ImportId"":""QID9""}","{""ImportId"":""QID10_TEXT""}","{""ImportId"":""QID11""}","{""ImportId"":""QID12_TEXT""}","{""ImportId"":""QID13""}","{""ImportId"":""QID14_TEXT""}","{""ImportId"":""QID15""}","{""ImportId"":""QID16_TEXT""}","{""ImportId"":""QID17""}","{""ImportId"":""QID18_TEXT""}","{""ImportId"":""QID19""}","{""ImportId"":""QID20_TEXT""}","{""ImportId"":""QID21""}","{""ImportId"":""QID22_TEXT""}","{""ImportId"":""QID23""}","{""ImportId"":""QID24_TEXT""}","{""ImportId"":""QID25""}","{""ImportId"":""QID26_TEXT""}","{""ImportId"":""QID27""}","{""ImportId"":""QID28_TEXT""}","{""ImportId"":""QID29""}","{""ImportId"":""QID30_TEXT""}","{""ImportId"":""QID31""}","{""ImportId"":""QID32_TEXT""}","{""ImportId"":""QID33""}","{""ImportId"":""QID34_TEXT""}","{""ImportId"":""QID35""}","{""ImportId"":""QID36_TEXT""}","{""ImportId"":""QID37""}","{""ImportId"":""QID38_TEXT""}","{""ImportId"":""QID39""}","{""ImportId"":""QID40_TEXT""}","{""ImportId"":""QID41""}","{""ImportId"":""QID42_TEXT""}","{""ImportId"":""QID43""}","{""ImportId"":""QID44_TEXT""}","{""ImportId"":""QID45""}","{""ImportId"":""QID46_TEXT""}","{""ImportId"":""QID47""}","{""ImportId"":""QID48_TEXT""}","{""ImportId"":""QID49""}","{""ImportId"":""QID50_TEXT""}","{""ImportId"":""QID51""}","{""ImportId"":""QID52_TEXT""}","{""ImportId"":""QID53""}","{""ImportId"":""QID54_TEXT""}","{""ImportId"":""QID55""}","{""ImportId"":""QID56_TEXT""}","{""ImportId"":""QID57""}","{""ImportId"":""QID58_TEXT""}","{""ImportId"":""QID59""}","{""ImportId"":""QID60_TEXT""}","{""ImportId"":""QID61""}","{""ImportId"":""QID62_TEXT""}","{""ImportId"":""QID63""}","{""ImportId"":""QID64_TEXT""}","{""ImportId"":""QID65""}","{""ImportId"":""QID66_TEXT""}","{""ImportId"":""QID67""}","{""ImportId"":""QID68_TEXT""}","{""ImportId"":""QID69""}","{""ImportId"":""QID70_TEXT""}","{""ImportId"":""QID71""}","{""ImportId"":""QID72_TEXT""}","{""ImportId"":""QID73""}","{""ImportId"":""QID74_TEXT""}","{""ImportId"":""QID75""}","{""ImportId"":""QID76_TEXT""}","{""ImportId"":""QID77""}","{""ImportId"":""QID78_TEXT""}","{""ImportId"":""QID79""}","{""ImportId"":""QID80_TEXT""}","{""ImportId"":""QID81""}","{""ImportId"":""QID82_TEXT""}","{""ImportId"":""QID83""}","{""ImportId"":""QID84_TEXT""}","{""ImportId"":""QID85""}","{""ImportId"":""QID86_TEXT""}","{""ImportId"":""QID87""}","{""ImportId"":""QID88_TEXT""}","{""ImportId"":""QID89""}","{""ImportId"":""QID90_TEXT""}","{""ImportId"":""QID91""}","{""ImportId"":""QID92_TEXT""}","{""ImportId"":""QID93""}","{""ImportId"":""QID94_TEXT""}","{""ImportId"":""QID95""}","{""ImportId"":""QID96_TEXT""}","{""ImportId"":""QID97""}","{""ImportId"":""QID98_TEXT""}","{""ImportId"":""QID99""}","{""ImportId"":""QID100_TEXT""}","{""ImportId"":""QID101""}","{""ImportId"":""QID102_TEXT""}","{""ImportId"":""QID103""}","{""ImportId"":""QID104_TEXT""}","{""ImportId"":""QID105""}","{""ImportId"":""QID106_TEXT""}","{""ImportId"":""QID107""}","{""ImportId"":""QID108_TEXT""}","{""ImportId"":""QID109""}","{""ImportId"":""QID110_TEXT""}","{""ImportId"":""QID111""}","{""ImportId"":""QID112_TEXT""}","{""ImportId"":""QID113""}","{""ImportId"":""QID114_TEXT""}","{""ImportId"":""QID115""}","{""ImportId"":""QID116_TEXT""}","{""ImportId"":""QID117""}","{""ImportId"":""QID118_TEXT""}","{""ImportId"":""QID119""}","{""ImportId"":""QID120_TEXT""}","{""ImportId"":""QID121""}","{""ImportId"":""QID122_TEXT""}","{""ImportId"":""QID123""}","{""ImportId"":""QID124_TEXT""}","{""ImportId"":""QID125""}","{""ImportId"":""QID126_TEXT""}","{""ImportId"":""QID127""}","{""ImportId"":""QID128_TEXT""}","{""ImportId"":""QID129""}","{""ImportId"":""QID130_TEXT""}","{""ImportId"":""QID131""}","{""ImportId"":""QID132_TEXT""}","{""ImportId"":""QID133""}","{""ImportId"":""QID134_TEXT""}","{""ImportId"":""QID135""}","{""ImportId"":""QID136_TEXT""}","{""ImportId"":""QID137""}","{""ImportId"":""QID138_TEXT""}","{""ImportId"":""QID139""}","{""ImportId"":""QID140_TEXT""}","{""ImportId"":""QID141""}","{""ImportId"":""QID142_TEXT""}","{""ImportId"":""QID143""}","{""ImportId"":""QID144_TEXT""}","{""ImportId"":""QID145""}","{""ImportId"":""QID146_TEXT""}","{""ImportId"":""QID147""}","{""ImportId"":""QID148_TEXT""}","{""ImportId"":""QID149""}","{""ImportId"":""QID150_TEXT""}","{""ImportId"":""QID151""}","{""ImportId"":""QID152_TEXT""}","{""ImportId"":""QID153""}","{""ImportId"":""QID154_TEXT""}","{""ImportId"":""QID155""}","{""ImportId"":""QID156_TEXT""}","{""ImportId"":""QID157""}","{""ImportId"":""QID158_TEXT""}","{""ImportId"":""QID159""}","{""ImportId"":""QID160_TEXT""}","{""ImportId"":""QID161""}","{""ImportId"":""QID162_TEXT""}","{""ImportId"":""QID163""}","{""ImportId"":""QID164_TEXT""}","{""ImportId"":""QID1217486634_TEXT""}","{""ImportId"":""QID1217486635_TEXT""}","{""ImportId"":""QID1217486636_TEXT""}"
2024-07-17 12:52:01,2024-07-17 13:02:19,IP Address,100,617,True,2024-07-17 13:02:20,R_8KyaqbjEkYOoVDu,anonymous,EN,,,,Moderately Relevant,,Moderately Relevant,,Moderately Relevant,Typo,Extremely Relevant,,Moderately Relevant,,Slightly Relevant,,Moderately Relevant,,Extremely Relevant,,Extremely Relevant,,Extremely Relevant,,Extremely Relevant,,Extremely Relevant,,Moderately Relevant,,Extremely Relevant,,Moderately Relevant,,Moderately Relevant,,Moderately Relevant,,Moderately Relevant,,Moderately Relevant,,Extremely Relevant,,Moderately Relevant,,Moderately Relevant,,Extremely Relevant,,Moderately Relevant,,Slightly Relevant,,Moderately Relevant,,Moderately Relevant,,Moderately Relevant,,Moderately Relevant,,Extremely Relevant,,Moderately Relevant,,Moderately Relevant,,Moderately Relevant,,Extremely Relevant,,Moderately Relevant,,Moderately Relevant,,Slightly Relevant,,Moderately Relevant,,Moderately Relevant,,Moderately Relevant,,Moderately Relevant,,Moderately Relevant,,Slightly Relevant,,Slightly Relevant,,Moderately Relevant,,Extremely Relevant,,Moderately Relevant,,Extremely Relevant,,Moderately Relevant,,Moderately Relevant,,Extremely Relevant,,Extremely Relevant,This is qualia question,Moderately Relevant,,Moderately Relevant,,Moderately Relevant,,Moderately Relevant,,Moderately Relevant,,Moderately Relevant,Episode element (EDR) as well,Extremely Relevant,,Extremely Relevant,,Moderately Relevant,,Moderately Relevant,,Moderately Relevant,,Slightly Relevant,Meaning question?,Moderately Relevant,,Moderately Relevant,,Moderately Relevant,,Slightly Relevant,,Moderately Relevant,,Moderately Relevant,,Moderately Relevant,,Moderately Relevant,,Moderately Relevant,,Moderately Relevant,Typo,Moderately Relevant,,Extremely Relevant,,,Ending of the statement feels odd,Extremely Relevant,,Extremely Relevant,,Extremely Relevant,,Moderately Relevant,,Moderately Relevant,,,,
2024-08-12 18:30:58,2024-08-12 18:41:42,IP Address,100,643,True,2024-08-12 18:41:43,R_24vJTkUmZhgfGbk,anonymous,EN,,,,Slightly Relevant,,Moderately Relevant,,Extremely Relevant,,Slightly Relevant,,Moderately Relevant,,Extremely Relevant,,Extremely Relevant,,Slightly Relevant,,Moderately Relevant,,Slightly Relevant,,Slightly Relevant,,Extremely Relevant,,Slightly Relevant,,Extremely Relevant,,Extremely Relevant,,Moderately Relevant,,Slightly Relevant,,Moderately Relevant,,Moderately Relevant,,Extremely Relevant,,Slightly Relevant,,Moderately Relevant,,Slightly Relevant,,Moderately Relevant,,Moderately Relevant,,Moderately Relevant,,Slightly Relevant,,Slightly Relevant,,Slightly Relevant,,Moderately Relevant,,Slightly Relevant,,Moderately Relevant,,Moderately Relevant,,Slightly Relevant,,Extremely Relevant,,Moderately Relevant,,Moderately Relevant,,Moderately Relevant,,Moderately Relevant,,Slightly Relevant,,Extremely Relevant,,Slightly Relevant,,Not Relevant,,Not Relevant,,Slightly Relevant,,Moderately Relevant,,Moderately Relevant,,Moderately Relevant,,Extremely Relevant,,Slightly Relevant,,Moderately Relevant,,Moderately Relevant,,Moderately Relevant,,Slightly Relevant,,Slightly Relevant,,Extremely Relevant,,Extremely Relevant,,Moderately Relevant,,Extremely Relevant,,Extremely Relevant,,Moderately Relevant,,Slightly Relevant,,Slightly Relevant,,Extremely Relevant,,Slightly Relevant,,Extremely Relevant,,Moderately Relevant,,Moderately Relevant,,Moderately Relevant,,Moderately Relevant,,Extremely Relevant,,Moderately Relevant,,Moderately Relevant,,Extremely Relevant,,Moderately Relevant,,Moderately Relevant,,Moderately Relevant,,Moderately Relevant,,Extremely Relevant,,Moderately Relevant,,Moderately Relevant,,Moderately Relevant,,,,
2024-09-12 10:02:30,2024-09-12 10:57:11,IP Address,100,3280,True,2024-09-12 10:57:12,R_862knYzyyJUzV5L,anonymous,EN,1,Yes,Yes,Extremely Relevant,,Extremely Relevant,,Extremely Relevant,,Extremely Relevant,,Extremely Relevant,,Extremely Relevant,"I really like this item, but it may be worth thinking of it's framing. I noted in the task guidelines that you wishes to avoid negative items and so have focused on positive phrasings. I completely agree with that approach, and so an item rating the extent to which the music was UNrelated to how the listener felt in that moment feels more negative in my reading it. I think you could literally state that the music WAS related to how the individual felt? That feels more consistent with the positivist orientation, at least in my reading.",Extremely Relevant,,Moderately Relevant,,Moderately Relevant,,Extremely Relevant,,Extremely Relevant,"I feel this item is relevant, but perhaps overlap quite substantially with a similarly phrased item (""I was preoccupied with more important things than music""). Just speaking practically, I would estimate that these two items would significantly correlate/overlap, in which case you could perhaps do away with one.",Extremely Relevant,,Not Relevant,"I'm not too sure about this item. If we are relating these to dynamic or contextual episodes, then I think the word ""apparently"" would have very specific connotations (i.e., that someone specifically pointed this out to the participant). I think this item would, therefore, have be quite invariant (at least in my reading of it!).",Extremely Relevant,,Extremely Relevant,,Extremely Relevant,,Extremely Relevant,,Extremely Relevant,,Extremely Relevant,,Extremely Relevant,,Extremely Relevant,,Extremely Relevant,,Extremely Relevant,,Not Relevant,"Whilst interesting, I feel this is perhaps a little aside from the focus on emotional episodes here. It seems to me that being in time with the music is more of a facet of a listener's musicality, rather than their actual emotional experience.",Slightly Relevant,"This is a tricky one. Maybe this depends a little more on context (e.g., social and group settings) rather than the music specifically? Delineating those aspects may be a little tricky.  ",Moderately Relevant,,Moderately Relevant,,Slightly Relevant,,Slightly Relevant,,Extremely Relevant,,Slightly Relevant,,Slightly Relevant,,Extremely Relevant,,Extremely Relevant,,Extremely Relevant,,Extremely Relevant,"I think this may overlap a little with other items (""I got emotional while listening""). I think perhaps one item here would suffice given the overlap.",Extremely Relevant,"Very relevant, and I'm sure you've already considered this, but it may be subsequently worth considering which emotion(s) the listener felt in this episode?",Extremely Relevant,,Moderately Relevant,"I like this item, but I wonder whether it could be clearer in some way. The use of the word 'continued' has particular connotations for me, such as that I initially felt one emotion but this then morphed into another during the course of the music. I think some added clarity/an example here might make this that bit easier to interpret.",Moderately Relevant,"I think I understand what is meant by this item, but it could be clearer. Perhaps an example would help? For instance, ""I used music as preparation for my emotions (e.g., because I knew I would be/was upset by something before listening)"". That's based on my reading of the item, however, which like I say is currently a little vague.",Extremely Relevant,,Extremely Relevant,,Extremely Relevant,,Extremely Relevant,,Extremely Relevant,,Extremely Relevant,,Extremely Relevant,,Extremely Relevant,,Extremely Relevant,,Moderately Relevant,I think this item could be a little clearer (I had to read it twice to get a sense for it). I think participants may possibly therefore find it a little tricky.,Extremely Relevant,"I think there is some overlap here with other items regarding visual imagery. Interesting and useful, but you would perhaps find quite high correlations between these items, so their discriminant validity may be a little low and one item would suffice.",Extremely Relevant,,Extremely Relevant,,Extremely Relevant,,Extremely Relevant,,Extremely Relevant,,Extremely Relevant,,Extremely Relevant,,Extremely Relevant,,Extremely Relevant,,Moderately Relevant,It may be useful to again provide some kind of example here. Could this refer to the artist/composer or someone who they're perhaps listening with?,Moderately Relevant,,Extremely Relevant,"I like this idea of autonomy in listening to help regulate thoughts, but I wonder if the semantics of the word ""properly"" may work against you here. This might sound a little abstract, but I wonder whether people would think in terms of ""properly"". Perhaps ""clearly"" or something of the like would be a little better here?",Extremely Relevant,,Slightly Relevant,This feels quite vague to me. I'm not sure a lay audience would necessarily follow the meaning of this?,Moderately Relevant,,Extremely Relevant,,Extremely Relevant,,Moderately Relevant,,Extremely Relevant,,Moderately Relevant,,Moderately Relevant,"Just a suggestion, but sometimes I find it can prove useful to provide participants with an example of what is meant here. For instance, focusing on small details could relate to aspects of composition, instrumentation, vocal, and melodic content. I could plausibly feel a stronger emotional connection to a piece of music by, for example, paying closer attention to a specific set of lyrics or by focusing on a particular melody. It may be worth considering, therefore, being a little more explicit regarding exactly what you mean by ""small details"" here, as participants could interpret this in several ways (that's if you have a particular set of details in mind)..",Moderately Relevant,,Extremely Relevant,,Extremely Relevant,,Extremely Relevant,,Moderately Relevant,,Extremely Relevant,,Moderately Relevant,,Not Relevant,"This could just be me, but it does not seem particularly likely to me that you would find participants who would say it felt socially inappropriate to listen to music. Personally, I suspect you would find little variance in this item, which may make it worth dropping since it might not neatly align/load with a single factor in your planned future analyses.  ",Moderately Relevant,,Extremely Relevant,,"So far, I have not seen many items that relate specifically to goal-attainment/orientation. This is perhaps more implied by some of these items, but I do think there needs to be attention towards what listeners' situationally-determined intentions were in listening to music in the first place.",HUvA,British
2024-09-24 19:49:10,2024-09-24 20:09:24,IP Address,100,1213,True,2024-09-24 20:09:25,R_2yoRNwRfgSHauB3,anonymous,EN,1,Yes,Yes,Not Relevant,I assumed this would be a prerequisite to answering the questionnaire in the first place,Slightly Relevant,not clear what 'the situation' is,Moderately Relevant,,Moderately Relevant,,Moderately Relevant,,Extremely Relevant,,Extremely Relevant,,Moderately Relevant,,Slightly Relevant,other things don't necessarily need to be evaluated as 'more important' to simply be more focused on them,Moderately Relevant,,Slightly Relevant,,Extremely Relevant,,Slightly Relevant,,Extremely Relevant,,Extremely Relevant,,Extremely Relevant,,Moderately Relevant,,Extremely Relevant,,Extremely Relevant,,Extremely Relevant,,Moderately Relevant,,Moderately Relevant,,Extremely Relevant,,Slightly Relevant,,Not Relevant,,Extremely Relevant,,Moderately Relevant,,Slightly Relevant,,Moderately Relevant,only relevant when other people are present,Slightly Relevant,,Slightly Relevant,,Slightly Relevant,,Extremely Relevant,,Moderately Relevant,,Moderately Relevant,,Extremely Relevant,,Extremely Relevant,,Extremely Relevant,,Extremely Relevant,,Slightly Relevant,,Moderately Relevant,,Extremely Relevant,,Moderately Relevant,,Moderately Relevant,only relevant in social situations,Moderately Relevant,,Extremely Relevant,,Extremely Relevant,'visual imagery' might be a bit technical for lay persons,Moderately Relevant,"'fantastic' might imply 'amazing', but I think you mean something more like 'fictional'",Moderately Relevant,,Slightly Relevant,not clear what 'the moment' is,Extremely Relevant,,Moderately Relevant,,Slightly Relevant,,Slightly Relevant,,Moderately Relevant,,Extremely Relevant,,Moderately Relevant,,Extremely Relevant,,Extremely Relevant,,Extremely Relevant,,Moderately Relevant,may be more relevant for music with lyrics,Slightly Relevant,don't fully understand this,Moderately Relevant,,Extremely Relevant,,Slightly Relevant,,Moderately Relevant,I suppose some music might not have multiple layers,Extremely Relevant,,Slightly Relevant,,Moderately Relevant,,Extremely Relevant,,Moderately Relevant,'structural development' might be a bit technical,Moderately Relevant,,Slightly Relevant,,Moderately Relevant,,Extremely Relevant,,Moderately Relevant,,Moderately Relevant,,Extremely Relevant,,Extremely Relevant,,Extremely Relevant,,Moderately Relevant,,Slightly Relevant,,,JDU,USA
2024-09-14 22:50:26,2024-09-14 22:50:56,IP Address,3,30,False,2024-09-28 22:51:01,R_4hfJoQKDE3LQAiu,anonymous,EN,1,Yes,Yes,,,,,,,,,,,,,,,,,,,,,,,,,,,,,,,,,,,,,,,,,,,,,,,,,,,,,,,,,,,,,,,,,,,,,,,,,,,,,,,,,,,,,,,,,,,,,,,,,,,,,,,,,,,,,,,,,,,,,,,,,,,,,,,,,,,,,,,,,,,,,,,,,,,,,,,,,,,,,,,,,,,,,,,
2024-09-18 17:04:46,2024-09-18 17:15:09,IP Address,82,622,False,2024-10-02 17:15:11,R_2gjcRSbI9xHoV7X,anonymous,EN,1,Yes,Yes,Extremely Relevant,One would hope!,Extremely Relevant,,Extremely Relevant,,Moderately Relevant,,Moderately Relevant,,Extremely Relevant,,Extremely Relevant,,Not Relevant,"The grammar here is clunky ",Extremely Relevant,,Moderately Relevant,,Extremely Relevant,,Extremely Relevant,,Extremely Relevant,"A lot of these are 'extremely relevant' but you would not need al of them as they are repetitious. ",Extremely Relevant,,Extremely Relevant,,Extremely Relevant,,Extremely Relevant,,Extremely Relevant,,Extremely Relevant,,Extremely Relevant,,Extremely Relevant,,Extremely Relevant,,Extremely Relevant,,Extremely Relevant,,Slightly Relevant,,Moderately Relevant,,Moderately Relevant,,Moderately Relevant,,Extremely Relevant,,Extremely Relevant,,Moderately Relevant,,Moderately Relevant,,Extremely Relevant,,Moderately Relevant,"Too vague? ",Moderately Relevant,Too vague?,Moderately Relevant,Too vague?,Extremely Relevant,But would need follow up to know what the emotion was,Not Relevant,What does this mean?,Extremely Relevant,,Not Relevant,I would not know how to answer this question,Extremely Relevant,,Extremely Relevant,,Not Relevant,,Slightly Relevant,,Moderately Relevant,,Extremely Relevant,,Extremely Relevant,,Moderately Relevant,"Fantastic is valanced. Fantasy is more neutral? ",Extremely Relevant,,,,,,,,,,,,,,,,,,,,,,,,,,,,,,Extremely Relevant,,Extremely Relevant,,Moderately Relevant,,Moderately Relevant,,Moderately Relevant,,Moderately Relevant,,Moderately Relevant,,Moderately Relevant,,Extremely Relevant,,Moderately Relevant,,Extremely Relevant,,Extremely Relevant,,Extremely Relevant,,Not Relevant,prepare for is a strange concept,Extremely Relevant,,Extremely Relevant,,Extremely Relevant,,Extremely Relevant,,Not Relevant,,,,
2024-10-04 20:21:36,2024-10-04 21:23:21,IP Address,100,3705,True,2024-10-04 21:23:22,R_3f0rKgVkEq5uR79,anonymous,EN,0.4000000059604645,Yes,Yes,Extremely Relevant,Relevant to diffuse construct,Extremely Relevant,Relevant to diffuse construct,Extremely Relevant,Relevant to diffuse construct,Extremely Relevant,Relevant to diffuse and emotional constructs,Extremely Relevant,"This is relevant to diffuse, and is semantically similar to the previous prompt, but captures a different aspect (specifically noticing feelings after some time)",Slightly Relevant,"The phrasing of this prompt is somewhat confusing. ",Extremely Relevant,,Moderately Relevant,"Instead of ""running on automatic"", this could say ""running on autopilot"", though it feels like another way of saying ""I was not actively aware of the music""",Extremely Relevant,,Extremely Relevant,"I noticed use of both ""ambience"" and ""ambiance"". This word might not be entirely well understood. Should this refer to the music ""setting the mood"", or ""creating an atmosphere""?",Extremely Relevant,,Extremely Relevant,"Is it necessary to distinguish between paying more attention to something else than the music, vs. other things? If not, one of these related prompts might be omitted",Extremely Relevant,,Extremely Relevant,,Extremely Relevant,,Moderately Relevant,This seems relevant to EDR - Enjoyment and Bodily construct of LMA,Extremely Relevant,This seems more relevant to LMA than the previous prompt,Extremely Relevant,This is relevant also to ER - Physical reactions,Moderately Relevant,This is relevant also to ER - Physical reactions,Extremely Relevant,This is relevant also to ER - Physical reactions,Extremely Relevant,This seems more relevant to LMA than some of the previous prompts which focus more on the physical experience than perceptions of the physical experience,Extremely Relevant,,Extremely Relevant,,Moderately Relevant,This is relevant also to ER - Physical reactions,Moderately Relevant,This is relevant also to ER - Physical reactions,Moderately Relevant,Relevant to bodily construct,Extremely Relevant,,Moderately Relevant,This also seems relevant to CB,Moderately Relevant,Also relevant to CB,Moderately Relevant,Also relevant to CB,Extremely Relevant,,Moderately Relevant,"The previous prompt ""I felt in control..."" seems more relevant than this one",Moderately Relevant,"This seems quite relevant to the ""Emotional"" construct of LMA, though may have overlap with Exposure and Reward. No issues with the wording.",Moderately Relevant,"This may have some overlap with the Exposure construct, but is also relevant to LMA's emotional construct",Extremely Relevant,"This is quite relevant to reduced/causal, associative, bodily, and emotional constructs of LMA. May have overlap with exposure/reward.",Moderately Relevant,"Though relevant, this item seems somewhat redundant with the previous emotion prompts. This gets at ""felt"" emotion, and specifically gets at a causal relationship with the music, though, which provides an advantage over alternate wording like ""I felt emotional while listening to the music"" ",Extremely Relevant,"This captures the intended causality relationship well and is more targeted. You may consider revising the previous prompt I responded to with something congruent such as ""The music caused me to feel a wide range of emotions""",Slightly Relevant,This prompt may have some overlap with Musical Meanings and Exposure/Reward subcategories.,Moderately Relevant,"In my opinion, this is more relevant than the previous prompt as it captures the active listening aspect more directly.",Moderately Relevant,"The wording here is somewhat confusing, but is relevant to the category. That said, the construct descriptions do not include aspects of preparation for emotions",Extremely Relevant,,Moderately Relevant,"This prompt captures a kind of empathetic form of active listening relevant to the ""associative"" subcategory",Extremely Relevant,"This seems less focused on the music, but does point to the individual's agency. As a result, I think it's most relevant to the ""Diffuse"" construct",Moderately Relevant,"This seems relevant to the ""emotional"" construct",Extremely Relevant,"While this is highly relevant to the Emotional construct, it is somewhat confusingly worded. It may be simplified to ""I wanted to control how the music made me feel""",Extremely Relevant,,Slightly Relevant,This relates quite closely to Exposure & Reward - Physical Reactions,Moderately Relevant,"Captures ""bodily"" construct, but also has overlap in my opinion with Physical reactions construct",Extremely Relevant,"Relevant to assocative construct, and Reflection/coping construct of PEP",Moderately Relevant,Relevant also to reflection/coping,,"Captures ""bodily"" construct, but also has overlap in my opinion with Physical reactions construct",Moderately Relevant,"Relevant to associative construct, but also familiarity of E&R",Extremely Relevant,Relevant also to PEP - Reflection/coping,Extremely Relevant,,Moderately Relevant,"Associative, Relevant also to PEP - Reflection/coping",Extremely Relevant,Relevant to diffuse/assocative constructs,Moderately Relevant,"I think this sentence should include a verb ""The music made me contemplate X"", or ""The music made me feel contemplative"", if focusing on the feeling",Extremely Relevant,,Extremely Relevant,,Extremely Relevant,Relevant to structural and reduced/causal,Slightly Relevant,"This is relevant to associative, but could also relate to CB",Extremely Relevant,Well worded and very specific,Moderately Relevant,This one seems relevant to Functional Context - FM,Extremely Relevant,Relevant to associative/structural/reduced-causal constructs,Moderately Relevant,"Somewhat relevant to ""associative"" construct. Could also relate to Functional Context - AIA - Curiosity?",Extremely Relevant,LMA - structural/reduced-causal,Extremely Relevant,"Captures Emotional, Reduced/Causal constructs",Extremely Relevant,Relevant to Emotional/Structural constructs,Moderately Relevant,"Relevant to Structural construct, but could also fit into AIA -  curiosity?",Moderately Relevant,Relevant to reduced/causal and potentially diffuse constructs,Moderately Relevant,"Nonmusicians may find ""structural"" confusing, and there are other prompts with similar meaning that may be a little clearer.",Extremely Relevant,,Extremely Relevant,,Extremely Relevant,,Extremely Relevant,Highly relevant to LMA,Extremely Relevant,"Relevant, with an emphasis on focus (reduced/causal)",Moderately Relevant,"This seems less relevant than the previous prompt as preparing for changes doesn't seem central to LMA, and I'm not sure if it captures any additional information than focusing intensely in the first place",Extremely Relevant,,Extremely Relevant,,Slightly Relevant,Also relevant to CB,Extremely Relevant,Minor details could be confused with music in a minor key. I think other prompts capture this idea more clearly,Extremely Relevant,"I think ""sounds embedded in music"" is somewhat vague. Maybe ""details"" or ""events"" embedded would work?","I think the LMA inventory is quite clear throughout, though it has some thematic overlap with the CB episode when referring to others, and with the familarity and physical reactions constructs of exposure/reward. Some prompts are similarly worded and differ in additional details that are helpful, but may not be necessary for representing the concept. Otherwise, this seems coherent and consistent to me.",AMU,Canadian
2024-10-06 12:51:26,2024-10-06 13:19:02,IP Address,100,1655,True,2024-10-06 13:19:03,R_8s4h7Uc0vMAXlw0,anonymous,EN,,Yes,Yes,Extremely Relevant,,Moderately Relevant,,Extremely Relevant,,Moderately Relevant,,Extremely Relevant,,Extremely Relevant,,Extremely Relevant,,Extremely Relevant,,Moderately Relevant,this item measures more the subjective assessment of the importance of music,Extremely Relevant,,Moderately Relevant,see note from before,Extremely Relevant,,Not Relevant,why should have?,Extremely Relevant,,Extremely Relevant,"why the word ""whole""?",Moderately Relevant,,Moderately Relevant,"may produce a ceiling effect (when people just think about if they were aware, they become aware)",Moderately Relevant,"the I ""had to"" feels a bit off",Slightly Relevant,don't understand the item (what is a physical reaction from the music),Extremely Relevant,,Slightly Relevant,is a bit too complex,Slightly Relevant,,Slightly Relevant,"don't know what ""physically connected with the music"" means. ",Slightly Relevant,,Extremely Relevant,,Extremely Relevant,,Not Relevant,how is that even possible?,Extremely Relevant,,Extremely Relevant,,Moderately Relevant,,Slightly Relevant,"I don't like the expression of ""in control""",Slightly Relevant,,Extremely Relevant,,Extremely Relevant,,Moderately Relevant,,Moderately Relevant,does that mean just feeling any emotion?,Extremely Relevant,,Moderately Relevant,journey through/towards what?,Extremely Relevant,,Not Relevant,don't understand the item... preparation for emotions?,Extremely Relevant,,Slightly Relevant,,Moderately Relevant,,Extremely Relevant,,Slightly Relevant,,Extremely Relevant,,Extremely Relevant,"very relevant, but the term ""visual imagery"" is not suitable for lay people",Extremely Relevant,what is meant by fantastic images?,Not Relevant,,Not Relevant,,Extremely Relevant,,Extremely Relevant,,Extremely Relevant,,Slightly Relevant,,Extremely Relevant,,Extremely Relevant,,Extremely Relevant,about what?,Extremely Relevant,is it then really an emotional episode of music?,Extremely Relevant,,Moderately Relevant,unclear what that actually means,Slightly Relevant,,Slightly Relevant,,Not Relevant,"not sure about this  ""wanted control over music""",Extremely Relevant,,Not Relevant,unsure how that would look like?,Extremely Relevant,,Extremely Relevant,,Moderately Relevant,,Extremely Relevant,,Extremely Relevant,,Extremely Relevant,,Extremely Relevant,,Moderately Relevant,,Extremely Relevant,,Slightly Relevant,,Extremely Relevant,,Extremely Relevant,"modify: ""any changes in the music""",Extremely Relevant,,Extremely Relevant,,Slightly Relevant,,Moderately Relevant,,Slightly Relevant,"""needed to"" feels off",,KJYU,German
2024-10-07 11:28:43,2024-10-07 14:39:29,IP Address,100,11445,True,2024-10-07 14:39:30,R_4D1vaxV019WfRCS,anonymous,EN,1,Yes,Yes,Moderately Relevant,,,"Wording: since this is a music-related tool, would it be more direct to say ""rather than the music"" instead of ""anything else""?",,"Wording: I think the choice of word ""noise"" gives a negative connotation, which is not necessarily required here, since this items looks like it wants to measure if the music captured the individual's attention. How about ""Music was simply in the background for me""?",Slightly Relevant,,Moderately Relevant,"Sentence structure: I realised after a while (insert comma), that the music was bringing out an emotional response in me, or rephrasing the start of the sentence as well: ""I gradually became aware that the music was bringing out an emotional response in me""",Slightly Relevant,"This item appears strange to me for this tool, as I would imagine the basis of the ""experience"" would be a music-related experience. However, if this item has to be included, how about ""My feelings during the experience were not influenced by the music itself.""?",Extremely Relevant,,Slightly Relevant,"General comments: I personally think that it is good to not have phrases described in quotation marks as they could be subjective to individual interpretations. How about: ""I was running on autopilot in the situation..""?",Slightly Relevant,"I presume this item is related to Diffuse / attention - with that, I have two comments: ""preoccupied with more important things - this is currently vague and it does not reflect whether it is personal matters or the situation itself that the individual is preoccupied with. The second is to consider then (insert ""the"") music.",Extremely Relevant,,Moderately Relevant,"This item has a same issue as ""I was preoccupied with more important things than music"" - something more important could refer to internal thoughts / reflections / situations etc - if it is not important to differentiate between these, then the current writing is alright.",Moderately Relevant,,Not Relevant,"From the writing, I'm not entirely sure which construct it is most related to (although it sounds like Diffuse) - this sentence also sounds like a secondary layer of their post-evaluation of their experience.",Extremely Relevant,,Extremely Relevant,"Wording: Is it critical that this has to apply to the ""whole body"", instead of how the music made my ""body"" feel?",Moderately Relevant,,Extremely Relevant,,Moderately Relevant,"Wording: Two issues: (1) ""I had to tap or move to the beat.."" sounds like individual was forced (by the music) to move along with the music. (2) Is it critical for this item to say ""beat of the music"" instead of simply ""music""? Overall, how about ""I felt naturally inclined to tap or move along with the (beat of the) music""? ",Slightly Relevant,"Wording: ""physical reaction"" is vague - not very sure the intent of this item",Extremely Relevant,,Extremely Relevant,,Moderately Relevant,"Thoughts: I personally think that this item is alright in and of itself, but it is not as important alongside the other items that measures bodily movements to music.",Slightly Relevant,"Wording: not immediately apparent what ""physically connected with the music"" refers to - although I assume it is moving to the music.",Slightly Relevant,"Wording: the term ""coincided"" suggests that there is no apparent cause of the movements and the music, but I think the goal is to measure if the movements occurred alongside with (and because of) the music.",Slightly Relevant,,Moderately Relevant,,Not Relevant,"Related to concept: At face value, it seems strange to me that music contributes to physical health (the most relevant scenario that comes to mind is the use of music during Sports etc, so it is not a direct cause for improved physical health). Secondly, I think it is more intuitive that music is associated to contributions of mental health (instead of physical).",Moderately Relevant,,Extremely Relevant,,Extremely Relevant,,Moderately Relevant,,Moderately Relevant,,Extremely Relevant,,Extremely Relevant,,Extremely Relevant,,Extremely Relevant,,Extremely Relevant,,Extremely Relevant,,Moderately Relevant,,Not Relevant,"I also presume this item is for the construct ""Emotional"" - just thinking in everyday life, how common is it for people to use music as preparation for their emotions? What comes to mind is the use of music to increase alertness / arousal for study. So, I wouldn't necessarily think this statement is generalize to emotions in general (e.g. sad, nostalgia - which are often elicited as a result (rather than a prior prepared step) of the music experience.",Moderately Relevant,,Moderately Relevant,"Is there a reason for choosing to use ""artist"" instead of something like ""what the music intends to convey""?",Not Relevant,"In my opinion, this has a component of social affiliations (because it is asking about an individual's perception of others' view on his/her choice) - which is not directly relevant to the constructs under Listening modes & agency.",Not Relevant,Does not occur to me that it is directly relevant to any of the constructs under Listening Modes and Agency.,Extremely Relevant,,Extremely Relevant,,Extremely Relevant,,Slightly Relevant,"Is there a particular reason for choosing ""fantastic images"" for this item? Else, I think the item ""The music induced visual imagery for me"" works fine for the construct Associative.",Extremely Relevant,,Slightly Relevant,"This item sounds also related to ""Musical meanings - self"" (personal memories) to me. ",Extremely Relevant,"I would prefer this item as compared to ""The music put fantastic images in my head""",Slightly Relevant,"Likewise, this has the component of personal memories as well.",Slightly Relevant,"This also has a component of personal memories. ",Slightly Relevant,"I presume this item is related to the construct ""Emotional"" - in this regard, it may not be intuitive for a lay person to use the music to think about their feelings - I personally think it is often the other way around - that they use music to express their feelings.",Moderately Relevant,,Extremely Relevant,,Moderately Relevant,"This sentence sounds a little incomplete - one may usually expect ""made me contemplate about [an issue]""",Extremely Relevant,,Moderately Relevant,,Extremely Relevant,,Moderately Relevant,,Slightly Relevant,"Concept: while I think the sentence reads fine, I'm wondering if in reality do most people actively (1) control their emotions toward the music, and if they do, do they do so by (2) changing the way they thought about the experience? I'm guessing this item wants to ask about emotion regulation abilities, but it sounds like it might be specific for music neurofeedback kind of tasks.",Not Relevant,"I presume this is also measuring the construct ""Emotional"" - but the concept seems a little disjointed - how does control over the music help one to think properly? Do you mean in the context of e.g. using music to help you focus or study? I think the intent of this sentence is unclear.",Extremely Relevant,,Not Relevant,"I presume that this item is related to the construct Structural - In my opinion, it may not be intuitive for a lay person to differentiate between sounds and music: for instance, when one listens to music, they intuitively describe it as music, instead of sounds becoming music. Unless this item is asking for sounds as in natural sounds (e.g., bird chirping, alarm clock etc)?",Moderately Relevant,,Extremely Relevant,,Extremely Relevant,,Extremely Relevant,"Grammar: Because the sentence starts with ""Listening for ..."", it feels more natural to end with ""what is coming next"" - although I understand the motivation for choosing what ""came next""",Slightly Relevant,"At face value, I'm not entirely sure which construct this should match to. Two comments: ""judging"" is vague here, and ""quality"" of the artist is strange - ""quality"" usually would be associated with the music itself, rather than the artist (e.g. quality of the recording) - so perhaps ""I was judging the quality of the music""? or ""I was actively evaluating the artist""?",Moderately Relevant,"Personally, ""structural development"" of the music reads fine - but I'm not too sure if a lay person would easily understand this.",Extremely Relevant,,Moderately Relevant,"""Subtle aspects"" of the music is vague",Extremely Relevant,,Moderately Relevant,"While this sentence reads fine, I'm wondering about the utility of this item - I'm guessing this would capture more nuances in studies of musicians vs non-musicians, because non-musicians may not be as aware of the specific musical details as compared to musicians.",Moderately Relevant,"focused ""intensely"" sounds a little too intense - how about focused ""attentively""?",Slightly Relevant,"Same comments about focused ""intensely"" and utility of this question - it may be more applicable to comparisons of musicians vs non-musicians. ",Extremely Relevant,,Extremely Relevant,,Extremely Relevant,,Moderately Relevant,"""minor details"" may mean different things to different individuals depending on their level of musical expertise.",Slightly Relevant,"Is there a reason to include ""I needed to focus"" rather than simply ""I focused""?","Nice initial pool of items! Overall, these are the main terms / themes that emerged for me in Listening Mode & Agency: 

Diffuse - 'attention', music as 'background music'
Bodily - 'moving to the beat', 'dance'
Emotional - 'experiences', 'reminisce' 
Associative - 'visual imagery', 'thoughts'
Structural - 'details', 'anticipating'
Reduced / Causal - (unsure and seems to overlap a bit with Structural)

Tying back to the description of 'Listening modes & Agency' in the guide document: 

(1) I think the 'Agency' part is somewhat missing - like is it my personal choice to listen to this specific piece of music now in this current context? Or is it I am subjected to this music because I am in the supermarket, out in the restaurant where there's some background music playing and I have no control over it? Or maybe I am hanging out with my friends and I don't get to choose the music to listen to - it may depend more on group agreement?

(2) Bodily - I think most of the items are asking if the music made you (physically) move. How about an urge to move but you didn't actually move along (like just small groovin' movements?)

(3) From the doc: "".. common types of attention for music listening"" - I think this can benefit from a quick dive into the Attention literature to look into different types of attention (e.g. focused attention, sustained attention, divided attention etc)

Lastly, just wondering if there would be a component that measures listening alone vs listening with others? This to me sounds like it would be under Listening modes (although it may appear elsewhere in DEEM). ",HNTU,Singaporean
2024-10-03 01:23:44,2024-10-08 01:06:10,IP Address,100,430946,True,2024-10-08 01:06:11,R_4lANIuXzmjxAgL1,anonymous,EN,1,Yes,Yes,Extremely Relevant,,Moderately Relevant,,Extremely Relevant,,Extremely Relevant,,Extremely Relevant,,Extremely Relevant,,Extremely Relevant,,Moderately Relevant,,Moderately Relevant,,Slightly Relevant,,Extremely Relevant,,Extremely Relevant,,Moderately Relevant,,Extremely Relevant,,Extremely Relevant,,Extremely Relevant,,Extremely Relevant,,Extremely Relevant,,Extremely Relevant,,Extremely Relevant,,Extremely Relevant,,Extremely Relevant,,Extremely Relevant,,Moderately Relevant,,Not Relevant,,Extremely Relevant,,Not Relevant,,Slightly Relevant,,Extremely Relevant,,Extremely Relevant,,Extremely Relevant,,Extremely Relevant,,Extremely Relevant,,Extremely Relevant,,Extremely Relevant,,Extremely Relevant,,Extremely Relevant,,,,Extremely Relevant,,Extremely Relevant,,Extremely Relevant,,Extremely Relevant,,Slightly Relevant,"Reduced and causal listening ",Extremely Relevant,,Extremely Relevant,,Extremely Relevant,,Extremely Relevant,,Extremely Relevant,,Extremely Relevant,,Extremely Relevant,,Extremely Relevant,,Slightly Relevant,,Extremely Relevant,,Extremely Relevant,,Extremely Relevant,,Not Relevant,,Slightly Relevant,,Moderately Relevant,,Extremely Relevant,,Moderately Relevant,,Slightly Relevant,,Not Relevant,,Not Relevant,,Extremely Relevant,,Slightly Relevant,,Extremely Relevant,,Extremely Relevant,,Extremely Relevant,,Extremely Relevant,,Extremely Relevant,,Extremely Relevant,,Extremely Relevant,,Extremely Relevant,,Extremely Relevant,,Extremely Relevant,,Extremely Relevant,,Extremely Relevant,,Extremely Relevant,,Extremely Relevant,,Not Relevant,,Extremely Relevant,,Slightly Relevant,,,NUNSW,Chinese
2024-10-08 22:34:40,2024-10-08 23:52:28,IP Address,100,4667,True,2024-10-08 23:52:28,R_7S35m6yIHTuEd57,anonymous,EN,1,Yes,Yes,Slightly Relevant,"I think this item is is going to be answered ""yes"" 100% of times, so I would rather phrase it as: ""I was so concentrated on something else, that I barely noticed that there was music playing"", so the item measures the extent to which the person was devoting their attention to the music in comparison to other stimuli. ",Not Relevant,"I think it is hard to interpret this item, because the term ""situation"" is quite ambiguous. I would rather phrase it as: ""While the music was playing, my attention was on other things that were happening at the time, instead of the musical sounds"".",Extremely Relevant,"I would change ""noise"", -which has a negative connotation-, for ""sound"". ",Moderately Relevant,"Does it matter that it happen only ""after some time""?",Moderately Relevant,"Same as the item before: Why is it important that this realisation happens only ""after a while""? Wouldn't it be enough if the person reports that they realised that the music was moving them emotionally, independently of the moment when it happens?",Moderately Relevant,"I would replace ""the experiece"" with ""the situation"" or ""during that moment""",Extremely Relevant,,Not Relevant,"I don't think this item is informative. One can ""run on automatic"" ignoring the music that is playing in the background, or one can ""run on automatic"" while paying attention to the music (e.g. singing along to a song while washing the dishes).",Slightly Relevant,"OK, but I think it is necessary to learn where those ""more important things"" were: Were they in the person's mind (e.g. future tasks) or were they things happening in the environment?",Slightly Relevant,,Extremely Relevant,,Moderately Relevant,,Slightly Relevant,Again: is it important to learn whether the person felt obliged to listen to the music? Isn't it enough to learn whether they did it or not?,Extremely Relevant,,,"It sounds too reflective and intentional. I would phrase it as:  ""I noticed the music produced sensations in my body while I listened to it""",Extremely Relevant,,Moderately Relevant,"Again, to my ears, ""I was aware of"" sounds like sophisticated, reflective attention, as opposed to simply reporting ""noticing"" bodily sensations, which from my point of view, is more coherent with primary consciousness: simply registering sensations. ",Moderately Relevant,"I would simply put it as: ""I tapped or moved to the beat of the music"", without the element of feeling compelled to do it. ",Slightly Relevant,"I would phrase it as ""bodily reaction"", so it suggests interoceptive reactions, instead of simple sensations like having ringing ears because the music was too loud. ",Extremely Relevant,,,It seems to me that in this item you are conflating two phenomena: 1) The phenomenon of moving the body to the music (embodied engagement) and 2) Reflective attention to the fact that the body was moving along with the music,Slightly Relevant,"Again, I'm not sure about the usefulness of this type of item, that points to whether the person felt obliged to do something. ",,"If you want to distinguish between the 6 tyeps of ""listening modes and agency"" that you propose in the guide document (page 8), then you shouldn't conflate ""bodily engagement"" with ""emotional engagement"", as you do in this item. ",Moderately Relevant,,Slightly Relevant,"I don't think this item is informative, because some people engage bodily to the music, while performing the same movements they have done in many previous occasions. ",Extremely Relevant,,Not Relevant,"I don't think this item taps into the person's listening mode or agency. ",Slightly Relevant,,Moderately Relevant,"This item (and the one before it), seems to tap into an additional type of engagement with the music that is not explicit in the table on page 8: a type of ""social"" engagement, in which the focus is on using the music as a medium to participate in a group activity",Slightly Relevant,,Extremely Relevant,,Extremely Relevant,"This item is almost identical to the one before. ",Extremely Relevant,,Extremely Relevant,,Slightly Relevant,"I'm not sure about this one. If a person feels a ""single"" emotion while listening to music, but with high intensity, is this person less emotionally engaged with it than a person who reports ""a wide range of emotions""? I don't think so. ",Extremely Relevant,,Extremely Relevant,,Extremely Relevant,,Slightly Relevant,"I'm not sure about this one, either, for the same reason as the one I commented before: a person can have a very strong emotional engagement with music, without feeling that their emotional response is ""changing"" as the music progresses.",Not Relevant,"Unclear. In what sense are emotions ""prepared""? I think it needs more elaboration. ",Extremely Relevant,,Slightly Relevant,,Not Relevant,,Not Relevant,"I don't think it matters whether the emotions are expressed overtly or not. What matters in this questionnaire is whether the listening mode was ""emotional"" or not. ",Extremely Relevant,"I would phrase it as ""I was in control of how the music made me feel""",Extremely Relevant,,Extremely Relevant,"I would phrase in less technical terms: ""the music made me imagine things"" or ""see things inside my mind""",Extremely Relevant,"What if they are not ""fantastic""? Is that adjective necessary?",Extremely Relevant,,Slightly Relevant,"Unclear. I had to read it several times to understand it. ",Extremely Relevant,,Moderately Relevant,,Moderately Relevant,"Wouldn't it be enough with the person reporting that the music reminded them of past events, regardless of whether they were emotional or not? ",Extremely Relevant,,Slightly Relevant,,Extremely Relevant,,Extremely Relevant,"I would phrase it as ""The music put me in a reflective mood""",Extremely Relevant,,Extremely Relevant,,Not Relevant,"This one is ambiguous. This can happen because the person is finding the musical structure interesting, or because they are associating the sounds with other things (e.g. the things that were happen in Europe in the XIX century)",Not Relevant,"This one is ambiguous too: if the other person is the artist (or the person portrayed in the lyrics), then the person is focusing their attention to the music. If they learned something about another person who felt asleep beside them, then the focus was on the person sitting next to them, not on the music. ",Moderately Relevant,"I think it suffices to report that they ""controlled their emotions toward the music"", regardless of HOW they did it. ",Extremely Relevant,,Extremely Relevant,,Not Relevant,"This item is hard to understand. Does it mean that the person was listening to ""non-musical sounds"" as if they were music?",Extremely Relevant,,Moderately Relevant,"Does it matter if it was the melody, the themes or something else? I think it would be enough with learning that the participant started to feel different in response to the music, regardless of the particular aspect of it that produced the effect. ",Not Relevant,"I find this item difficult to understand. Are you using the term ""theme"" in the traditional sense (as in ""theme and variations"")?",Extremely Relevant,,Extremely Relevant,*artist(s),Extremely Relevant,,Extremely Relevant,,Extremely Relevant,,Extremely Relevant,,Slightly Relevant,"I'm not sure if this item measures the ""type"" of attention that the participant paid to the music. It seems to point more on the explanation that he or she gives to the role of the music in helping them reflect about their own emotions. ",Extremely Relevant,,Moderately Relevant,"It is possible to prepare for changes in the music, without attempting to trace ""individual sounds"". In fact, one usually notices harmonic changes because one has been paid attention to ""groups of sounds"" (chords), which may be produced by several instruments at the same time. ",Extremely Relevant,,Extremely Relevant,"I wouldn't phrase it as ""the world outside of myself"", because people can focus on the music without focusing in themselves. I would phrase it as ""I was so caught up in the music that I forgot about everything else that was happening at the moment""",Not Relevant,"This item points to the ""reasons"" why the person decided to focus on the music, not on whether their attention was focused on the music or on something else. ",Extremely Relevant,,Extremely Relevant,,"I think the questionnaire is missing a very common mode of emotional engagement with music, in which the listner experiences the emotions as if they were ""in the music"" (i.e. ""perceived"" or ""attributed"" emotions), rather than as emotions aroused in themselves. These feelings can be very powerful, and the focus of attention can be intense, but at the same time, the person may not be aware that they are, in fact, ""reacting emotionally"" to music. 
This coincides with the notion of experiencing emotions as ""world-focused"" experiences, as opposed to ""self-focused"" ones (see Lambie & Marcel, 2002).  ",CGIU,Colombian
2024-10-09 14:43:36,2024-10-09 15:11:25,IP Address,100,1668,True,2024-10-09 15:11:26,R_8rIFbvN9PZfVXZn,anonymous,EN,1,Yes,Yes,Extremely Relevant,,Moderately Relevant,,Extremely Relevant,,Moderately Relevant,,Moderately Relevant,,Extremely Relevant,,Extremely Relevant,,Moderately Relevant,,Moderately Relevant,,Moderately Relevant,,Moderately Relevant,,Extremely Relevant,,Not Relevant,,Extremely Relevant,,Moderately Relevant,,Extremely Relevant,,Extremely Relevant,,Extremely Relevant,,,"Don't you react TO something, rather than FROM something ",Extremely Relevant,,Extremely Relevant,,Extremely Relevant,,Extremely Relevant,,Extremely Relevant,,Not Relevant,,Moderately Relevant,,Slightly Relevant,,Moderately Relevant,,Extremely Relevant,,Extremely Relevant,,Extremely Relevant,,Extremely Relevant,,Extremely Relevant,,Extremely Relevant,,Extremely Relevant,"This is relevant but if you are actually interested in emotion reaction then there are better ways of capturing it. ",Extremely Relevant,"Again, better ways of measuring emotion responses ",Extremely Relevant,but which? Would use a better emotion scale,Extremely Relevant,,Extremely Relevant,,Not Relevant,,Extremely Relevant,,Extremely Relevant,,Slightly Relevant,,Not Relevant,,Slightly Relevant,,Moderately Relevant,,Extremely Relevant,,Not Relevant,,Moderately Relevant,,Not Relevant,,Extremely Relevant,,Extremely Relevant,,Not Relevant,"This is really vague and unclear! ",Moderately Relevant,,Extremely Relevant,,Slightly Relevant,,Moderately Relevant,,Extremely Relevant,,Moderately Relevant,,Extremely Relevant,,Moderately Relevant,,Moderately Relevant,,Moderately Relevant,,Slightly Relevant,,Not Relevant,,Slightly Relevant,,Slightly Relevant,,Moderately Relevant,,Moderately Relevant,,Moderately Relevant,,Moderately Relevant,,Moderately Relevant,,Slightly Relevant,,Slightly Relevant,,Slightly Relevant,,Slightly Relevant,,Slightly Relevant,,Extremely Relevant,,Extremely Relevant,,Extremely Relevant,,Slightly Relevant,,Slightly Relevant,,"There are better ways of measuring emotion and the items in this battery felt like it would benefit from being a bit shorter!! ",OUoY,"British "
2024-10-11 13:51:05,2024-10-11 18:16:21,IP Address,100,15916,True,2024-10-11 18:16:22,R_4ylV5bXktbnMFFL,anonymous,EN,1,Yes,Yes,Slightly Relevant,,Extremely Relevant,,Extremely Relevant,,Moderately Relevant,,Moderately Relevant,,Moderately Relevant,,Slightly Relevant,,Extremely Relevant,,Extremely Relevant,,Extremely Relevant,,Extremely Relevant,,Extremely Relevant,,Slightly Relevant,"Seems more like an after thought about a mode of listening, but not an active mode of listening",Slightly Relevant,but in what way?,Extremely Relevant,,Extremely Relevant,,Extremely Relevant,,Extremely Relevant,,Extremely Relevant,,Extremely Relevant,,Moderately Relevant,"Blurs between bodily and emotional, but I think reads with preferences the felt part of the experience not the bodily. ",Extremely Relevant,,Extremely Relevant,"Blurs between bodily and emotional listening modes, but the priority is toward the bodily driving the listening style",Moderately Relevant,,Extremely Relevant,,Extremely Relevant,,Slightly Relevant,"This seems like an outcome of the music, not a specific listening style. Could be rephrased to focus on positive bodily changes during listening",Extremely Relevant,,Extremely Relevant,,Moderately Relevant,,Extremely Relevant,,Extremely Relevant,,Moderately Relevant,,Moderately Relevant,,Moderately Relevant,,Moderately Relevant,,Extremely Relevant,,Extremely Relevant,,Moderately Relevant,,Extremely Relevant,,Extremely Relevant,,Extremely Relevant,,,"this seems like a diffuse listening mode, but it could be a whole category of its own? Something that refers explicitly to a social aware mode of listening. This might reflect their awareness of how their taste or reactions could signal something about their identity to others. It might also blend with other categories. In this instance, it might overlap with emotional reactions to align with social expectations or avoid social judgment. But in other examples it could also overlap with group norms in associative listening modes or even suppress or enhance a bodily responses mode of listening.",Extremely Relevant,,Extremely Relevant,,Extremely Relevant,,Extremely Relevant,,Extremely Relevant,,Extremely Relevant,,Extremely Relevant,,Extremely Relevant,,Extremely Relevant,,Extremely Relevant,,Extremely Relevant,,Extremely Relevant,,Extremely Relevant,,Extremely Relevant,,Extremely Relevant,,Extremely Relevant,,Extremely Relevant,,Not Relevant,appears more like on outcome  or function of music than a mode of listening,Extremely Relevant,,Extremely Relevant,,Extremely Relevant,,Slightly Relevant,,Extremely Relevant,,,"This seems like a blurring of two listening styles (structural & emotional). Emotional listening in this case suggesting little control of induced feelings. Is this blending on purpose? i.e. there is a theoretical reason to imply multiple modes of listening occurring simultaneously? If there is, are all combinations accounted for?",Extremely Relevant,,Extremely Relevant,,Moderately Relevant,,Extremely Relevant,,Extremely Relevant,,Extremely Relevant,,Extremely Relevant,,Extremely Relevant,an example of a change in listening modes,Extremely Relevant,,Extremely Relevant,,Not Relevant,It doesn't seem to capture a specific mode of listening. It more describes an undifferentiated form of deep engagement or complete absorption,Moderately Relevant,"Another example of somewhat undifferentiated form of deep engagement, but this example does suggest more of an emotional focus",Moderately Relevant,,Extremely Relevant,,Extremely Relevant,,"Overall, the listening constructs capture a broad range of listening behaviours effectively.
I have three comments: one comment regarding the emotional listening construct, a second regarding the interaction between constructs, and a third regarding better operationalising agency within each construct.

First, the emotional listening mode appears to capture the emergence of emotional listening appearing in a listeners/player's conscious experience. However, they do not appear to refer to the intensity or control of the emotional experience with music as per the description. For example, statements like my emotions changed is certainly indicative of someone listening emotionally, but dose not capture the emotional intensity or the degree of agency a listener exerts in focusing on emotional listening over other modes. Is it assumed that emotional listening inherently involves more intense emotions, or should this be assessed separately? My point here is not that every statement must capture all these elements simultaneously, but that additional examples that also focus on the degree of intensity and the degree of agency should also be included.

Second, I have highlighted some items that suggest an interaction between multiple modes of listening. However, most of the overlaps appear to coincide with an emotionally focused listening mode, while other example appear scarce. For example, diffuse & bodily listening modes: a listener may not be consciously focusing on the music (diffuse), but their body might still unconsciously move or respond to the rhythm (bodily). Alternatively, associative & structural models of listening could overlap: a listener can reflect on the structural elements of the music, such as recognising themes or motifs, while simultaneously allowing those structural elements to prompt associations or guide imagery.
It is of course possible to argue that these interactions will be captured by identifying robust measures for individual constructs and seeing in what ways they vary together or not. Yet, if this is the case, it is likely better to remove items where construct overlap could be ambiguously interpreted.

Third, the degree of agency there is in each construct appears to favour less agency in most cases. These are typically phrased towards music as the causes the construct, but do not suggest that the individual has much control it. For example, 'the music produced vivid images', this can involve examples where the listener automatically envisions a scene, even if they didn't set out to imagine anything in particular. However, individuals may use music to assist in visualising a scene, and may actively control the details and progression of this mental imagery - like in meditation or as an aid to story writing. The point here is not to focus on what the image is, this seems better captured by the 'Musical Meanings' scheme, but the degree of control one has over it. Another example might be the degree of agency in structural listening, that likely correlates with the degree of musical training.
Another aspect of agency worth noting is that there appears to be no assessment of the degree of agency individuals have over changing between modes of listening. There are example items where the music changers the mode of listening (less agency), but not of the listener actively changing focus by choice. For example, my bodily focused mode of listening changed to diffuse as I got tired of dancing.",TML,British
2024-09-30 21:17:16,2024-09-30 23:08:26,IP Address,3,6669,False,2024-10-14 23:08:32,R_3F4YQwknYb9dtA1,anonymous,EN,0.8999999761581421,Yes,Yes,,,,,,,,,,,,,,,,,,,,,,,,,,,,,,,,,,,,,,,,,,,,,,,,,,,,,,,,,,,,,,,,,,,,,,,,,,,,,,,,,,,,,,,,,,,,,,,,,,,,,,,,,,,,,,,,,,,,,,,,,,,,,,,,,,,,,,,,,,,,,,,,,,,,,,,,,,,,,,,,,,,,,,,
2024-10-16 20:24:55,2024-10-16 20:59:13,IP Address,100,2058,True,2024-10-16 20:59:14,R_223getbE2OsXmKk,anonymous,EN,1,Yes,Yes,Extremely Relevant,Nice,Extremely Relevant,Relevant; do we leave it respondents to determine what is meant by 'the situation'? Might be the only ambiguity,Extremely Relevant,Clear,Extremely Relevant,"Perhaps separate 'sometime', and could add a little extra wording (i.e., after some time had passed)?",Extremely Relevant,Seems good,Slightly Relevant,"Possibly relevant yes, although this feels a little less about attention? Perhaps it is more a balance between musical meaning and situational context...",Slightly Relevant,"Possibly relevant, but again wonder about how this aligns with listening modes and agency (to me it might imply some level of musical meaning given the 'significant role')",Extremely Relevant,"Clearly relevant item, the wording is a little clunky.",Extremely Relevant,"Relevant, and interesting inclusion of 'more important' things here, rather than 'other things'",Moderately Relevant,Seems quite nice,Extremely Relevant,Similar comment on 'more important',Extremely Relevant,"Interesting! So here we have 'other things' as opposed to 'important things', and curious as to how these subtleties may capture different elements?",Extremely Relevant,Interesting item! I like it.,Extremely Relevant,Clear,Extremely Relevant,Seems good!,Moderately Relevant,"At first I was unsure, but my feeling is that there is the element of 'control' being captured here?",Moderately Relevant,"Interesting item text, almost gives the impression that the 'body' is separate in some way?",Extremely Relevant,I like this,Slightly Relevant,"Possibly relevant, though it brings to mind some of the items on Qualia that I checked through previously. What situates this more directly as qualia in relation to Listening Mode and Agency",Moderately Relevant,Seems quite good,Extremely Relevant,Good,Moderately Relevant,"Feels relevant, if a slightly strange wording/item!",Moderately Relevant,"Like this item, think I can see the relevance as a kind of listening mode",Slightly Relevant,"Maybe relevant, but feels a slightly weaker item?",Slightly Relevant,"I am not sure about this one, perhaps it brings in a Cognitive factor, but might be a strange item to respond to",Extremely Relevant,Clear,Slightly Relevant,"Not sure about this one, not quite mapped this to the descriptive scheme in my own mind",Moderately Relevant,"Yep see the intention, quite an interesting item",Extremely Relevant,Good,Moderately Relevant,"Quite clear, perhaps the wording could be slightly improved for clarity (though the meaning will mostly come through)",Extremely Relevant,Okay,Extremely Relevant,Okay,Extremely Relevant,Clear,Slightly Relevant,"Unsure of how this sits in relation to the Musical Meaning descriptive scheme? Perhaps it is relevant here, but a little uncertain",Slightly Relevant,"Again, perhaps with the emotional experience items there feels some commonality possibly with Musical Meaning (unless that scheme is more specifically about meaning 'in' the music)",Slightly Relevant,"Possibly relevant, a bit unsure",Slightly Relevant,"Bit unsure, is it perhaps tapping into self-oriented attention regarding the emotional experience and feelings/phenomenology?",Slightly Relevant,"I can see these emotion items are clustering, I guess I am wondering about how it aligns with 'common types of attention' for this descriptive scheme (but as with other emotion items, I can see alignment with 'affectual' factors)",Slightly Relevant,"You see my consistent response to the emotion items; they may all be relevant, I just have a bit of uncertainty as the aim/fit etc.",Moderately Relevant,Get a stronger sense of agency and control here perhaps,Moderately Relevant,"Okay, this feels clearer and more explicitly capturing 'attention'",Moderately Relevant,Quite interesting item!,Moderately Relevant,Seems quite clear and brings in social / transactional factor,Moderately Relevant,"Possibly relevant yes, aligning with a sense of control perhaps",Extremely Relevant,Pretty clear,Moderately Relevant,Quite clear regarding attention,Moderately Relevant,"Think this works, although wording might be improved to clarify for respondents (i.e., do we take for granted an intuitive sense as to what 'visual imagery' is?)",Moderately Relevant,"Seems a clearer approach to imagery, gives a positive valence impression",Moderately Relevant,"Makes sense, in relation to attention and PEP episodes",Slightly Relevant,Not 100% of the relevance of this in relation to Listening Mode and Agency?,Extremely Relevant,"This appears easier to respond to, and relevant",Moderately Relevant,Seems quite clear,Slightly Relevant,"Possibly relevant, though the wording is a bit tricky and cumbersome, making evaluation a little tricky",Moderately Relevant,Quite good!,Moderately Relevant,Pretty straightforward text,Moderately Relevant,"Pretty clear, and I assume the implication here is that thoughts move somewhere else 'other than the music itself'?",Moderately Relevant,"I think this is relevant, though a bit abrupt and possibly a bit difficult to respond to? Perhaps it is okay",Extremely Relevant,Seems clear,Moderately Relevant,Looks quite clear,Moderately Relevant,Okay,Slightly Relevant,"Seems quite clear in relation to social/transactional factors, though a little less sure of relevance to Listening Mode and Agency?",Moderately Relevant,"Think this is relevant, but a bit wordy and takes a bit of working out!",Extremely Relevant,Clear,Extremely Relevant,Okay,Slightly Relevant,"Not sure about this one! A bit unusual, though interesting",Extremely Relevant,Clear,Moderately Relevant,Pretty clear,Moderately Relevant,Little unsure about this one? I think generally I am missing a little of the logic regarding the general emotional experience items!,Moderately Relevant,Okay,Moderately Relevant,"Quite relevant I think, though it has an evaluative component that I was bit unsure of how to place?",Extremely Relevant,"Okay, agency and attention comes through clearly",Extremely Relevant,Good,Extremely Relevant,Good,Extremely Relevant,'Analysed' may feel a bit odd for some respondents. Could it still be 'focussed on'?,Extremely Relevant,Great,Extremely Relevant,Clear,Moderately Relevant,"Perhaps a bit vague at the end of the item, might be a bit difficult to respond to?",Extremely Relevant,Okay,Extremely Relevant,"Clear, feels like a nice integration of the descriptive scheme and possibly AIA episodes",Extremely Relevant,Good,Extremely Relevant,Clear,Moderately Relevant,"Feels relevant, if a little wordy?","The coverage felt pretty clear here! I had some uncertainties around the more general emotional experience items, especially in cases where the attentional dimension felt a bit less clear.

I wondered if control of attention/focus was evident in the items? I sensed control come through in relation to emotion and bodily movements for example, but perhaps reflecting on other strands could be worth a bit of time.",BLU,British
2024-10-17 21:03:28,2024-10-17 22:26:25,IP Address,100,4977,True,2024-10-17 22:26:26,R_65FoVoMGy1z2I4I,anonymous,EN,1,Yes,Yes,Extremely Relevant,,Not Relevant,,Extremely Relevant,,Extremely Relevant,,Extremely Relevant,,Moderately Relevant,,Extremely Relevant,,Not Relevant,,Moderately Relevant,,Extremely Relevant,,Extremely Relevant,,Extremely Relevant,,Extremely Relevant,,Extremely Relevant,,Extremely Relevant,,Extremely Relevant,,Extremely Relevant,,Moderately Relevant,,Moderately Relevant,,Moderately Relevant,,Extremely Relevant,,Extremely Relevant,,Moderately Relevant,,Slightly Relevant,,Moderately Relevant,,Extremely Relevant,,Moderately Relevant,,Extremely Relevant,,Extremely Relevant,,Extremely Relevant,,Extremely Relevant,,Extremely Relevant,,Extremely Relevant,,Extremely Relevant,,Moderately Relevant,,Extremely Relevant,,Moderately Relevant,,Extremely Relevant,,Moderately Relevant,,Not Relevant,,Moderately Relevant,,Slightly Relevant,,Moderately Relevant,,Extremely Relevant,,Extremely Relevant,,Extremely Relevant,,Extremely Relevant,,Extremely Relevant,,Extremely Relevant,,Moderately Relevant,,Extremely Relevant,,Extremely Relevant,,Extremely Relevant,,Extremely Relevant,,Extremely Relevant,,Extremely Relevant,,Moderately Relevant,,Extremely Relevant,,Extremely Relevant,,Extremely Relevant,,Extremely Relevant,,Moderately Relevant,"seems interesting but it would need to be rephrased as to understand better the meaning ",Extremely Relevant,,Extremely Relevant,,Slightly Relevant,,Extremely Relevant,,Extremely Relevant,,Extremely Relevant,,Moderately Relevant,,Moderately Relevant,,Moderately Relevant,,Extremely Relevant,,Extremely Relevant,,Extremely Relevant,,Moderately Relevant,,Moderately Relevant,,Moderately Relevant,,Extremely Relevant,,Extremely Relevant,,Not Relevant,,Moderately Relevant,,Extremely Relevant,,,ILPU,ARGENTINE
2024-10-18 12:38:36,2024-10-18 14:24:04,IP Address,100,6328,True,2024-10-18 14:24:05,R_7KxeW8wGPH4HzYR,anonymous,EN,1,Yes,Yes,Extremely Relevant,,Not Relevant,,Extremely Relevant,,Extremely Relevant,,Extremely Relevant,,Extremely Relevant,,Extremely Relevant,,Not Relevant,,Extremely Relevant,,Extremely Relevant,,Extremely Relevant,,Extremely Relevant,,Extremely Relevant,,Extremely Relevant,,Extremely Relevant,,Extremely Relevant,,Extremely Relevant,,Extremely Relevant,,Extremely Relevant,,Extremely Relevant,,Extremely Relevant,,Extremely Relevant,,Extremely Relevant,,Extremely Relevant,,Extremely Relevant,,Extremely Relevant,,Moderately Relevant,,Extremely Relevant,,Extremely Relevant,,Extremely Relevant,,Extremely Relevant,,Extremely Relevant,,Extremely Relevant,,Extremely Relevant,,Extremely Relevant,,Extremely Relevant,,Extremely Relevant,,Extremely Relevant,,Extremely Relevant,,Slightly Relevant,,Extremely Relevant,,Extremely Relevant,,Extremely Relevant,,Extremely Relevant,,Extremely Relevant,,Extremely Relevant,,Extremely Relevant,,Extremely Relevant,,Extremely Relevant,,Extremely Relevant,,Extremely Relevant,,Extremely Relevant,,Extremely Relevant,,Extremely Relevant,,Extremely Relevant,,Extremely Relevant,,Extremely Relevant,,Extremely Relevant,,Extremely Relevant,,Extremely Relevant,,Moderately Relevant,,Extremely Relevant,,Extremely Relevant,,Extremely Relevant,,Extremely Relevant,,Extremely Relevant,,Extremely Relevant,,Extremely Relevant,,Extremely Relevant,,Moderately Relevant,,Extremely Relevant,,Extremely Relevant,,Extremely Relevant,,Extremely Relevant,,Extremely Relevant,,Extremely Relevant,,Moderately Relevant,,Extremely Relevant,,Extremely Relevant,,Moderately Relevant,,Extremely Relevant,,Extremely Relevant,,,ILPU,ARGENTINE
2024-10-22 18:06:12,2024-10-22 18:33:16,IP Address,100,1624,True,2024-10-22 18:33:17,R_3loV5O1hK7nR7ZM,anonymous,EN,1,Yes,Yes,Slightly Relevant,,Not Relevant,"Does ""toward the situation"" mean away from the music?",Slightly Relevant,"If you're only phrasing items with a positive wording, I'm not sure this item should be used",Slightly Relevant,,Moderately Relevant,,Not Relevant,,Moderately Relevant,,Not Relevant,,Slightly Relevant,,Slightly Relevant,,Slightly Relevant,,Slightly Relevant,,Not Relevant,,Extremely Relevant,,Extremely Relevant,,Extremely Relevant,Could equally go under E&R Physical Reactions,Extremely Relevant,,Extremely Relevant,,Slightly Relevant,Better under E&R Physical Reactions,Extremely Relevant,,Extremely Relevant,,Extremely Relevant,,Moderately Relevant,"""physically connected with the music"" should be rephrased",Extremely Relevant,,Slightly Relevant,,Extremely Relevant,,Not Relevant,"I'm not sure this is actually possible? Mental health, yes.",Slightly Relevant,This is confusing,Moderately Relevant,,Moderately Relevant,,Moderately Relevant,,Moderately Relevant,,Extremely Relevant,,Extremely Relevant,,Extremely Relevant,,Extremely Relevant,,Extremely Relevant,,Extremely Relevant,,Extremely Relevant,,Moderately Relevant,,Moderately Relevant,"It's interesting that this question works for LM&A, but it's sort of the opposite of the Structural subgroup",Moderately Relevant,,Moderately Relevant,,Moderately Relevant,,Moderately Relevant,,Extremely Relevant,,Extremely Relevant,,Moderately Relevant,,Extremely Relevant,,Extremely Relevant,,Extremely Relevant,,Extremely Relevant,,Extremely Relevant,,Extremely Relevant,,Extremely Relevant,,Moderately Relevant,,Moderately Relevant,,Moderately Relevant,,Extremely Relevant,,Extremely Relevant,,Slightly Relevant,,Slightly Relevant,,Slightly Relevant,,Extremely Relevant,,Not Relevant,Like the speech to song effect? A non-music cognition person wouldn't know what this means,Extremely Relevant,,Moderately Relevant,,Moderately Relevant,,Moderately Relevant,"Also applicable to Musical Meanings, Musical Structure",Extremely Relevant,,Extremely Relevant,"Also works with MM, Musical Structure",Extremely Relevant,"Could also work for MM, Musical Structure",Moderately Relevant,,Moderately Relevant,,Extremely Relevant,,Extremely Relevant,,Moderately Relevant,,Moderately Relevant,,Moderately Relevant,,Moderately Relevant,,Extremely Relevant,,Moderately Relevant,,"To me, most of the items in this LMA were captured by other descriptive schemes. For example, Structural LMA seems similar to Musical Meanings Musical Structure. Bodily LMA seems similar to Exposure & Reward Physical Reactions (even though I recognize that Bodily LMA is more embodiment focused). That said, I think the items you selected for LMA were great and fully represented the constructs in Table 1.",WUP,American
